L1_ts_name,station_name,longitude,L1_ts_unitsymbol,L1_station_longname,latitude,L1_timestamp,metadata_station_id,L1_ts_precision,L1_stationparameter_no,L1_web_flow_class,gauge_id,L1_req_timestamp,L1_stationparameter_name,L1_label,L1_ts_value,L1_ts_id,catchment,metadata_station_carteasting,metadata_station_cartnorthing,metadata_site_name,metadata_station_longname,metadata_site_no,metadata_object_type,metadata_station_local_x,metadata_station_local_y,metadata_station_elevation,area,metadata_WTO_OBJECT,river,country,source
81 Web Kontinuirani,HS Kaloševići,17.90406242892678,m³/s,PODRUČJA NA SLIVU RIJEKE BOSNE,44.64680728070949,2026-01-02T14:00:00.000+01:00,12191,"Deci,3,0,0",Q,#MIN#,4510,,Proticaj,Proticaj,1.876,10158010,Bosna,6492481.45,4944707.34,Bosna,PODRUČJA NA SLIVU RIJEKE BOSNE,4,General;Hidrološka stanica,6492481.45,4944707.34,,,Usora,Usora,Bosnia and Herzegovina,vodostaji.voda.ba
81 Web Kontinuirani,HS Kakanj n/Zg,18.11637802591733,m³/s,PODRUČJA NA SLIVU RIJEKE BOSNE,44.12815924535643,2026-01-02T15:00:00.000+01:00,12194,"Deci,3,0,0",Q,,4240,,Proticaj,Proticaj,0.107,9186010,Bosna,6509402.56,4887082.25,Bosna,PODRUČJA NA SLIVU RIJEKE BOSNE,4,General;Hidrološka stanica,6509402.56,4887082.25,,,Zgošća,Zgošća,Bosnia and Herzegovina,vodostaji.voda.ba
81 Web Kontinuirani,HS Ljubnići,18.256887847750523,m³/s,PODRUČJA NA SLIVU RIJEKE BOSNE,43.96558356471353,2026-01-02T15:00:00.000+01:00,12150,"Deci,3,0,0",Q,,4024,,Proticaj,Proticaj,7.949,17222010,Bosna,6520702.61,4869044.76,Bosna,PODRUČJA NA SLIVU RIJEKE BOSNE,4,General;Hidrološka stanica,6520702.61,4869044.76,,,Bosna,Bosna,Bosnia and Herzegovina,vodostaji.voda.ba
81 Web Kontinuirani,HS Visoko n/B,18.18273131136336,m³/s,PODRUČJA NA SLIVU RIJEKE BOSNE,43.99068233052136,2026-01-02T15:00:00.000+01:00,12151,"Deci,3,0,0",Q,#MIN#,4030,,Proticaj,Proticaj,15.785,6378010,Bosna,6514745.85,4871817.63,Bosna,PODRUČJA NA SLIVU RIJEKE BOSNE,4,General;Hidrološka stanica,6514745.85,4871817.63,,,Bosna,Bosna,Bosnia and Herzegovina,vodostaji.voda.ba
81 Web Kontinuirani,HS Veseočica,17.453698446374055,m³/s,PODRUČJA NA SLIVU RIJEKE VRBAS,44.05249831527175,2026-01-02T08:00:00.000+01:00,12231,"Deci,3,0,0",Q,,2103,,Proticaj,Proticaj,1.344,5298010,Vrbas,6456315.07,4878816.52,Vrbas,PODRUČJA NA SLIVU RIJEKE VRBAS,3,General;Hidrološka stanica,6456315.07,4878816.52,,,Veseočica,Veseočica,Bosnia and Herzegovina,vodostaji.voda.ba
81 Web Kontinuirani,HS Raspotočje,17.933388718917506,m³/s,PODRUČJA NA SLIVU RIJEKE BOSNE,44.19122574342485,2026-01-02T15:00:00.000+01:00,12154,"Deci,3,0,0",Q,#MIN#,4050,,Proticaj,Proticaj,22.332,6702010,Bosna,1996335.7,5495082.65,Bosna,PODRUČJA NA SLIVU RIJEKE BOSNE,4,General;Hidrološka stanica,6494764.643866,4894085.3464012,,,Bosna,Bosna,Bosnia and Herzegovina,vodostaji.voda.ba
81 Web Kontinuirani,HS Ilidža,18.309150475285364,m³/s,PODRUČJA NA SLIVU RIJEKE BOSNE,43.82547342947222,2025-11-30T01:00:00.000+01:00,12198,"Deci,3,0,0",Q,,4110,,Proticaj,Proticaj,13.759,7674010,Bosna,6524954.09,4853492.8,Bosna,PODRUČJA NA SLIVU RIJEKE BOSNE,4,General;Hidrološka stanica,6524954.09,4853492.8,,,Željeznica,Željeznica,Bosnia and Herzegovina,vodostaji.voda.ba
81 Web Kontinuirani,HS Bistrica,17.568277047406596,m³/s,PODRUČJA NA SLIVU RIJEKE VRBAS,43.956291940171255,2026-01-02T15:00:00.000+01:00,12230,"Deci,3,0,0",Q,,2101-B,,Proticaj,Proticaj,1.1,5190010,Vrbas,6465439.66,4868073.0,Vrbas,PODRUČJA NA SLIVU RIJEKE VRBAS,3,General;Hidrološka stanica,6465439.66,4868073.0,,,Bistrica,Bistrica,Bosnia and Herzegovina,vodostaji.voda.ba
81 Web Kontinuirani,HS Kakanj n/B,18.112798906631777,m³/s,PODRUČJA NA SLIVU RIJEKE BOSNE,44.122867485037176,2026-01-02T15:00:00.000+01:00,12153,"Deci,3,0,0",Q,,4042,,Proticaj,Proticaj,18.79,6594010,Bosna,6509116.93,4886493.93,Bosna,PODRUČJA NA SLIVU RIJEKE BOSNE,4,General;Hidrološka stanica,6509116.93,4886493.93,,,Bosna,Bosna,Bosnia and Herzegovina,vodostaji.voda.ba
81 Web Kontinuirani,HS Blažuj,18.25663613998877,m³/s,PODRUČJA NA SLIVU RIJEKE BOSNE,43.8431791811352,2026-01-02T15:00:00.000+01:00,12197,"Deci,3,0,0",Q,#<MIN#,4121,,Proticaj,Proticaj,0.0,8106010,Bosna,6520724.16,4855445.59,Bosna,PODRUČJA NA SLIVU RIJEKE BOSNE,4,General;Hidrološka stanica,6520724.16,4855445.59,,,Zujevina,Zujevina,Bosnia and Herzegovina,vodostaji.voda.ba
81 Web Kontinuirani,HS Bugojno,17.462453628769374,m³/s,PODRUČJA NA SLIVU RIJEKE VRBAS,44.06012249703126,2026-01-02T15:00:00.000+01:00,12233,"Deci,3,0,0",Q,,3040,,Proticaj,Proticaj,3.374,5730010,Vrbas,6457022.16,4879658.95,Vrbas,PODRUČJA NA SLIVU RIJEKE VRBAS,3,General;Hidrološka stanica,6457022.16,4879658.95,,,Vrbas,Vrbas,Bosnia and Herzegovina,vodostaji.voda.ba
81 Web Kontinuirani,HS Gornji Vakuf,17.58446605555048,m³/s,PODRUČJA NA SLIVU RIJEKE VRBAS,43.94029088908818,2026-01-02T15:00:00.000+01:00,12232,"Deci,3,0,0",Q,#MIN#,3010,,Proticaj,Proticaj,1.367,5406010,Vrbas,6466729.94,4866288.55,Vrbas,PODRUČJA NA SLIVU RIJEKE VRBAS,3,General;Hidrološka stanica,6466729.94,4866288.55,,,Vrbas,Vrbas,Bosnia and Herzegovina,vodostaji.voda.ba
81 Web Kontinuirani,HS Goražde,18.97340493625792,m³/s,PODRUČJA NA SLIVU RIJEKE DRINE,43.66669760138787,2026-01-02T15:00:00.000+01:00,12199,"Deci,3,0,0",Q,,5010,,Proticaj,Proticaj,81.997,10914010,Drina,6578589.0,4836265.37,Drina,PODRUČJA NA SLIVU RIJEKE DRINE,5,General;Hidrološka stanica,6578589.0,4836265.37,,,Drina,Drina,Bosnia and Herzegovina,vodostaji.voda.ba
81 Web Kontinuirani,HS Žepče,18.024451896138633,m³/s,PODRUČJA NA SLIVU RIJEKE BOSNE,44.42416095725477,2026-01-02T15:00:00.000+01:00,12155,"Deci,3,0,0",Q,,4055,,Proticaj,Proticaj,15.365,6810010,Bosna,6502037.51,4919964.1,Bosna,PODRUČJA NA SLIVU RIJEKE BOSNE,4,General;Hidrološka stanica,6502037.51,4919964.1,,,Bosna,Bosna,Bosnia and Herzegovina,vodostaji.voda.ba
81 Web Kontinuirani,HS Kozluk,17.273714322246374,m³/s,PODRUČJA NA SLIVU RIJEKE VRBAS,44.34004746399721,2026-01-02T15:00:00.000+01:00,12235,"Deci,3,0,0",Q,,3030,,Proticaj,Proticaj,11.009,5622010,Vrbas,6442176.81,4910876.77,Vrbas,PODRUČJA NA SLIVU RIJEKE VRBAS,3,General;Hidrološka stanica,6442176.81,4910876.77,,,Vrbas,Vrbas,Bosnia and Herzegovina,vodostaji.voda.ba
81 Web Kontinuirani,HS Donji Ulišnjak,18.106846555309872,m³/s,PODRUČJA NA SLIVU RIJEKE BOSNE,44.530087450753136,2026-01-02T15:00:00.000+01:00,12158,"Deci,3,0,0",Q,,4061,,Proticaj,Proticaj,36.741,7134010,Bosna,6508583.24,4931738.72,Bosna,PODRUČJA NA SLIVU RIJEKE BOSNE,4,General;Hidrološka stanica,6508583.24,4931738.72,,,Bosna,Bosna,Bosnia and Herzegovina,vodostaji.voda.ba
81 Web Kontinuirani,HS Zavidovići n/B,18.14366237120172,m³/s,PODRUČJA NA SLIVU RIJEKE BOSNE,44.44002803472991,2026-01-02T15:00:00.000+01:00,12157,"Deci,3,0,0",Q,,4060,,Proticaj,Proticaj,28.61,6918010,Bosna,6511526.61,4921736.49,Bosna,PODRUČJA NA SLIVU RIJEKE BOSNE,4,General;Hidrološka stanica,6511526.61,4921736.49,,,Bosna,Bosna,Bosnia and Herzegovina,vodostaji.voda.ba
81 Web Kontinuirani,HS Daljan,17.40235243923852,m³/s,PODRUČJA NA SLIVU RIJEKE VRBAS,44.12932065845182,2026-01-02T15:00:00.000+01:00,12234,"Deci,3,0,0",Q,#MIN#,3020,,Proticaj,Proticaj,6.207,5514010,Vrbas,6452263.08,4887380.47,Vrbas,PODRUČJA NA SLIVU RIJEKE VRBAS,3,General;Hidrološka stanica,6452263.08,4887380.47,,,Vrbas,Vrbas,Bosnia and Herzegovina,vodostaji.voda.ba
81 Web Kontinuirani,HS Maglaj Grad,18.102132111096097,m³/s,PODRUČJA NA SLIVU RIJEKE BOSNE,44.546887067166416,2026-01-02T15:00:00.000+01:00,12161,"Deci,3,0,0",Q,,4062,,Proticaj,Proticaj,37.645,7242010,Bosna,6508206.26,4933604.89,Bosna,PODRUČJA NA SLIVU RIJEKE BOSNE,4,General;Hidrološka stanica,6508206.26,4933604.89,,,Bosna,Bosna,Bosnia and Herzegovina,vodostaji.voda.ba
81 Web Kontinuirani,HS Maglaj,18.09979381116839,m³/s,PODRUČJA NA SLIVU RIJEKE BOSNE,44.565539938296865,2026-01-02T15:00:00.000+01:00,12162,"Deci,3,0,0",Q,#MIN#,4070,,Proticaj,Proticaj,34.783,1271010,Bosna,6508018.01,4935677.24,Bosna,PODRUČJA NA SLIVU RIJEKE BOSNE,4,General;Hidrološka stanica,6508018.01,4935677.24,,,Bosna,Bosna,Bosnia and Herzegovina,vodostaji.voda.ba
81 Web Kontinuirani,HS Podteljig,18.460437538700564,m³/s,PODRUČJA NA SLIVU RIJEKE BOSNE,43.68724753556388,2026-01-02T15:00:00.000+01:00,12165,"Deci,3,0,0",Q,,4111,,Proticaj,Proticaj,0.999,7782010,Bosna,6537207.4,4838192.45,Bosna,PODRUČJA NA SLIVU RIJEKE BOSNE,4,General;Hidrološka stanica,6537207.4,4838192.45,0.0,,Crna Rijeka,Crna Rijeka,Bosnia and Herzegovina,vodostaji.voda.ba
81 Web Kontinuirani,HS Svilaj,18.242208215551535,m³/s,PODRUČJA NA NEPOSREDNOM SLIVU RIJEKE SAVE,45.13568565358942,2026-01-02T15:00:00.000+01:00,12209,"Deci,3,0,0",Q,,1010,,Proticaj,Proticaj,485.3,1871010,neposredni sliv Save,6519143.82,4999054.13,neposredni sliv Save,PODRUČJA NA NEPOSREDNOM SLIVU RIJEKE SAVE,1,General;Hidrološka stanica,6519143.82,4999054.13,,,Sava,Sava,Bosnia and Herzegovina,vodostaji.voda.ba
81 Web Kontinuirani,HS Fojnica,17.899802301989975,m³/s,PODRUČJA NA SLIVU RIJEKE BOSNE,43.9640506635299,2026-01-02T15:00:00.000+01:00,12167,"Deci,3,0,0",Q,,9030,,Proticaj,Proticaj,1.338,10698010,Bosna,6492048.1,4868848.3,Bosna,PODRUČJA NA SLIVU RIJEKE BOSNE,4,General;Hidrološka stanica,6492048.1,4868848.3,,,Dragača,Dragača,Bosnia and Herzegovina,vodostaji.voda.ba
81 Web Kontinuirani,HS Doglodi,18.290717,m³/s,PODRUČJA NA SLIVU RIJEKE BOSNE,43.8514474,2026-01-02T15:00:00.000+01:00,12166,"Deci,3,0,0",Q,,4130,,Proticaj,Proticaj,0.019,8322010,Bosna,2036113.3,5442482.03,Bosna,PODRUČJA NA SLIVU RIJEKE BOSNE,4,General;Hidrološka stanica,6523461.39,4856373.15,,,Dobrinja,Dobrinja,Bosnia and Herzegovina,vodostaji.voda.ba
81 Web Kontinuirani,HS Prača,18.7646607696308,m³/s,PODRUČJA NA SLIVU RIJEKE DRINE,43.767064396638425,2026-01-02T15:00:00.000+01:00,12202,"Deci,3,0,0",Q,,5101,,Proticaj,Proticaj,3.086,11562010,Drina,6561652.05,4847240.08,Drina,PODRUČJA NA SLIVU RIJEKE DRINE,5,General;Hidrološka stanica,6561652.05,4847240.08,,,Prača,Prača,Bosnia and Herzegovina,vodostaji.voda.ba
81 Web Kontinuirani,HS Živinice,18.653038946348637,m³/s,PODRUČJA NA SLIVU RIJEKE BOSNE,44.44145467360091,2026-01-01T15:00:00.000+01:00,12169,"Deci,3,0,0",Q,#<MIN#,9044,,Proticaj,Proticaj,0.567,11238010,Bosna,6552073.52,4922090.92,Bosna,PODRUČJA NA SLIVU RIJEKE BOSNE,4,General;Hidrološka stanica,6552073.52,4922090.92,,,Gostelja,Gostelja,Bosnia and Herzegovina,vodostaji.voda.ba
81 Web Kontinuirani,HS Visoko n/F,18.182723894500064,m³/s,PODRUČJA NA SLIVU RIJEKE BOSNE,43.984168369241566,2026-01-02T15:00:00.000+01:00,12168,"Deci,3,0,0",Q,#MIN#,4220,,Proticaj,Proticaj,2.667,8970010,Bosna,6514746.83,4871093.92,Bosna,PODRUČJA NA SLIVU RIJEKE BOSNE,4,General;Hidrološka stanica,6514746.83,4871093.92,,,Fojnička rijeka,Fojnička rijeka,Bosnia and Herzegovina,vodostaji.voda.ba
81 Web Kontinuirani,HS Stipovići,18.147156836369568,m³/s,PODRUČJA NA SLIVU RIJEKE BOSNE,44.420526648686824,2026-01-02T15:00:00.000+01:00,12170,"Deci,3,0,0",Q,#<MIN#,4340,,Proticaj,Proticaj,0.824,9618010,Bosna,6511808.6,4919570.18,Bosna,PODRUČJA NA SLIVU RIJEKE BOSNE,4,General;Hidrološka stanica,6511808.6,4919570.18,,,Gostović,Gostović,Bosnia and Herzegovina,vodostaji.voda.ba
81 Web Kontinuirani,HS Maoča,18.421484383006057,m³/s,PODRUČJA NA SLIVU RIJEKE BOSNE,44.31868127548302,2026-01-02T15:00:00.000+01:00,12172,"Deci,3,0,0",Q,,4420,,Proticaj,Proticaj,4.37,9942010,Bosna,6533711.09,4908329.320000001,Bosna,PODRUČJA NA SLIVU RIJEKE BOSNE,4,General;Hidrološka stanica,6533711.09,4908329.32,,,Krivaja,Krivaja,Bosnia and Herzegovina,vodostaji.voda.ba
81 Web Kontinuirani,HS Olovo,18.57467167053061,m³/s,PODRUČJA NA SLIVU RIJEKE BOSNE,44.126242924631974,2026-01-02T14:00:00.000+01:00,12171,"Deci,3,0,0",Q,#MIN#,4410,,Proticaj,Proticaj,3.429,1371010,Bosna,6546079.35,4887022.0,Bosna,PODRUČJA NA SLIVU RIJEKE BOSNE,4,General;Hidrološka stanica,6546079.35,4887022.0,,,Krivaja,Krivaja,Bosnia and Herzegovina,vodostaji.voda.ba
81 Web Kontinuirani,HS Travnik,17.65772501129178,m³/s,PODRUČJA NA SLIVU RIJEKE BOSNE,44.225990515503035,2026-01-02T15:00:00.000+01:00,12174,"Deci,3,0,0",Q,,4310,,Proticaj,Proticaj,0.724,9294010,Bosna,6472744.17,4898003.53,Bosna,PODRUČJA NA SLIVU RIJEKE BOSNE,4,General;Hidrološka stanica,6472744.17,4898003.53,,,Lašva,Lašva,Bosnia and Herzegovina,vodostaji.voda.ba
81 Web Kontinuirani,HS Zavidovići n/K,18.162682668941464,m³/s,PODRUČJA NA SLIVU RIJEKE BOSNE,44.43606334633414,2026-01-02T15:00:00.000+01:00,12173,"Deci,3,0,0",Q,#MIN#,4430,,Proticaj,Proticaj,9.047,1471010,Bosna,6513041.55,4921298.75,Bosna,PODRUČJA NA SLIVU RIJEKE BOSNE,4,General;Hidrološka stanica,6513041.55,4921298.75,,,Krivaja,Krivaja,Bosnia and Herzegovina,vodostaji.voda.ba
81 Web Kontinuirani,HS Hrustovo,16.733857263603788,m³/s,PODRUČJA NA SLIVU RIJEKE UNE,44.681153727698515,2026-01-02T15:00:00.000+01:00,12219,"Deci,3,0,0",Q,#MIN#,9017,,Proticaj,Proticaj,4.48,4866010,Una,6399717.59,4949302.54,Una,PODRUČJA NA SLIVU RIJEKE UNE,2,General;Hidrološka stanica,6399717.59,4949302.54,,,Sanica,Sanica,Bosnia and Herzegovina,vodostaji.voda.ba
81 Web Kontinuirani,HS Sanica,16.659226138820024,m³/s,PODRUČJA NA SLIVU RIJEKE UNE,44.616920950336855,2026-01-02T15:00:00.000+01:00,12218,"Deci,3,0,0",Q,,9018,,Proticaj,Proticaj,1.789,4974010,Una,6393683.51,4942260.21,Una,PODRUČJA NA SLIVU RIJEKE UNE,2,General;Hidrološka stanica,6393683.51,4942260.21,,,Sanica,Sanica,Bosnia and Herzegovina,vodostaji.voda.ba
81 Web Kontinuirani,HS Semizovac,18.31662050681719,m³/s,PODRUČJA NA SLIVU RIJEKE BOSNE,43.92123198428608,2026-01-02T15:00:00.000+01:00,12178,"Deci,3,0,0",Q,,4150,,Proticaj,Proticaj,0.88,8646010,Bosna,6525514.57,4864133.75,Bosna,PODRUČJA NA SLIVU RIJEKE BOSNE,4,General;Hidrološka stanica,6525514.57,4864133.75,,,Ljubina,Ljubina,Bosnia and Herzegovina,vodostaji.voda.ba
81 Web Kontinuirani,HS Liješnica,18.094329923518178,m³/s,PODRUČJA NA SLIVU RIJEKE BOSNE,44.52622992539133,2026-01-02T15:00:00.000+01:00,12177,"Deci,3,0,0",Q,#<MIN#,4450,,Proticaj,Proticaj,0.317,10050010,Bosna,6507588.88,4931308.91,Bosna,PODRUČJA NA SLIVU RIJEKE BOSNE,4,General;Hidrološka stanica,6507588.88,4931308.91,,,Lješnica,Lješnica,Bosnia and Herzegovina,vodostaji.voda.ba
81 Web Kontinuirani,HS Grebnice,18.53466566663864,m³/s,PODRUČJA NA NEPOSREDNOM SLIVU RIJEKE SAVE,45.04288372943681,2026-01-02T15:00:00.000+01:00,12210,"Deci,3,0,0",Q,,1020,,Proticaj,Proticaj,574.528,2598010,neposredni sliv Save,6542214.26,4988851.4,neposredni sliv Save,PODRUČJA NA NEPOSREDNOM SLIVU RIJEKE SAVE,1,General;Hidrološka stanica,6542214.26,4988851.4,,,Sava,Sava,Bosnia and Herzegovina,vodostaji.voda.ba
81 Web Kontinuirani,HS Krušnica,16.16571438308246,m³/s,PODRUČJA NA SLIVU RIJEKE UNE,44.88023254808429,2025-12-31T08:00:00.000+01:00,12215,"Deci,3,0,0",Q,,1114,,Proticaj,Proticaj,5.525,3678010,Una,6355177.52,4972282.39,Una,PODRUČJA NA SLIVU RIJEKE UNE,2,General;Hidrološka stanica,5592157.6,4971309.26,,,Krušnica,Krušnica,Bosnia and Herzegovina,vodostaji.voda.ba
81 Web Kontinuirani,HS Klokot,15.805465327990555,m³/s,PODRUČJA NA SLIVU RIJEKE UNE,44.82307514889382,2026-01-02T15:00:00.000+01:00,12214,"Deci,3,0,0",Q,,2210,,Proticaj,Proticaj,8.838,4650010,Una,6326544.67,4966638.54,Una,PODRUČJA NA SLIVU RIJEKE UNE,2,General;Hidrološka stanica,5563759.39,4964613.56,,,Klokot,Klokot,Bosnia and Herzegovina,vodostaji.voda.ba
81 Web Kontinuirani,HS Sanski Most,16.66640857558138,m³/s,PODRUČJA NA SLIVU RIJEKE UNE,44.76676477936768,2026-01-02T15:00:00.000+01:00,12217,"Deci,3,0,0",Q,#MIN#,2320,,Proticaj,Proticaj,22.828,1771010,Una,6394526.75,4958900.81,Una,PODRUČJA NA SLIVU RIJEKE UNE,2,General;Hidrološka stanica,6394526.75,4958900.81,,,Sana,Sana,Bosnia and Herzegovina,vodostaji.voda.ba
81 Web Kontinuirani,HS Ključ,16.79647,m³/s,PODRUČJA NA SLIVU RIJEKE UNE,44.525075,2025-09-25T11:00:00.000+02:00,12216,"Deci,3,0,0",Q,#MIN#,2310,,Proticaj,Proticaj,9.489,4758010,Una,1869774.49,5547061.59,Una,PODRUČJA NA SLIVU RIJEKE UNE,2,General;Hidrološka stanica,6404424.78,4931884.63,,,Sana,Sana,Bosnia and Herzegovina,vodostaji.voda.ba
81 Web Kontinuirani,HS Vodoprivreda,18.393180274782445,m³/s,PODRUČJA NA SLIVU RIJEKE BOSNE,43.85265222064151,2026-01-02T15:00:00.000+01:00,12180,"Deci,3,0,0",Q,,4142,,Proticaj,Proticaj,3.351,8538010,Bosna,6531698.64,4856540.76,Bosna,PODRUČJA NA SLIVU RIJEKE BOSNE,4,General;Hidrološka stanica,6531698.64,4856540.76,,,Miljacka,Miljacka,Bosnia and Herzegovina,vodostaji.voda.ba
81 Web Kontinuirani,HS Donja Višća,18.626311096457933,m³/s,PODRUČJA NA SLIVU RIJEKE BOSNE,44.420390697597206,2026-01-02T15:00:00.000+01:00,12183,"Deci,3,0,0",Q,#<MIN#,9045,,Proticaj,Proticaj,0.948,11454010,Bosna,6549963.760000001,4919733.94,Bosna,PODRUČJA NA SLIVU RIJEKE BOSNE,4,General;Hidrološka stanica,6549963.76,4919733.94,,,Oskova,Oskova,Bosnia and Herzegovina,vodostaji.voda.ba
81 Web Kontinuirani,HS Modrac,18.5101250232244,m³/s,PODRUČJA NA SLIVU RIJEKE BOSNE,44.51205954598736,2026-01-02T15:00:00.000+01:00,12185,"Deci,3,0,0",Q,#<MIN#,4620,,Proticaj,Proticaj,0.0,10482010,Bosna,6540648.69,4929855.46,Bosna,PODRUČJA NA SLIVU RIJEKE BOSNE,4,General;Hidrološka stanica,6540648.69,4929855.46,,,Spreča,Spreča,Bosnia and Herzegovina,vodostaji.voda.ba
81 Web Kontinuirani,HS Bliha,16.643788245361893,m³/s,PODRUČJA NA SLIVU RIJEKE UNE,44.77190023621821,2026-01-02T15:00:00.000+01:00,12141,"Deci,3,0,0",Q,#<MIN#,9019,,Proticaj,Proticaj,0.69,5082010,Una,6392745.69,4959501.12,Una,PODRUČJA NA SLIVU RIJEKE UNE,2,General;Hidrološka stanica,6392745.69,4959501.12,,,Bliha,Bliha,Bosnia and Herzegovina,vodostaji.voda.ba
81 Web Kontinuirani,HS Strašanj,18.62899311076359,m³/s,PODRUČJA NA SLIVU RIJEKE BOSNE,44.46875057889586,2026-01-02T15:00:00.000+01:00,12184,"Deci,3,0,0",Q,,4610,,Proticaj,Proticaj,0.693,10374010,Bosna,6550136.22,4925108.86,Bosna,PODRUČJA NA SLIVU RIJEKE BOSNE,4,General;Hidrološka stanica,6550136.22,4925108.86,,,Spreča,Spreča,Bosnia and Herzegovina,vodostaji.voda.ba
81 Web Kontinuirani,HS Martin Brod,16.134787432991413,m³/s,PODRUČJA NA SLIVU RIJEKE UNE,44.49567122433264,2026-01-02T15:00:00.000+01:00,12220,"Deci,3,0,0",Q,#MIN#,2010,,Proticaj,Proticaj,28.607,3786010,Una,6351754.01,4929607.35,Una,PODRUČJA NA SLIVU RIJEKE UNE,2,General;Hidrološka stanica,5590307.94,4928544.02,,,Una,Una,Bosnia and Herzegovina,vodostaji.voda.ba
81 Web Kontinuirani,HS Bioštica,18.593087746757195,m³/s,HS Bioštica - osmatrač do kraja 2018,44.11547364004528,2026-01-02T15:00:00.000+01:00,12143,"Deci,3,0,0",Q,#MIN#,4411,,Proticaj,Proticaj,2.486,9726010,Bosna,2069773.06,5483329.42,Bosna,HS Bioštica - osmatrač do kraja 2018,4,General;Hidrološka stanica,6547561.73491002,4885835.891,,,Bioštica,Bioštica,Bosnia and Herzegovina,vodostaji.voda.ba
81 Web Kontinuirani,HS Podlugovi,18.24525413176566,m³/s,PODRUČJA NA SLIVU RIJEKE BOSNE,43.97695096804362,2026-01-02T15:00:00.000+01:00,12187,"Deci,3,0,0",Q,,4170,,Proticaj,Proticaj,0.506,8862010,Bosna,6519765.36,4870304.89,Bosna,PODRUČJA NA SLIVU RIJEKE BOSNE,4,General;Hidrološka stanica,6519765.36,4870304.89,,,Stavnja,Stavnja,Bosnia and Herzegovina,vodostaji.voda.ba
81 Web Kontinuirani,HS Karanovac,18.273695863423335,m³/s,PODRUČJA NA SLIVU RIJEKE BOSNE,44.69614265265781,2026-01-02T15:00:00.000+01:00,12186,"Deci,3,0,0",Q,,4630,,Proticaj,Proticaj,4.287,10590010,Bosna,6521783.37,4950220.12,Bosna,PODRUČJA NA SLIVU RIJEKE BOSNE,4,General;Hidrološka stanica,6521783.37,4950220.12,,,Spreča,Spreča,Bosnia and Herzegovina,vodostaji.voda.ba
81 Web Kontinuirani,HS Rmanj Manastir,16.142220671457856,m³/s,PODRUČJA NA SLIVU RIJEKE UNE,44.49346369185387,2026-01-02T15:00:00.000+01:00,12229,"Deci,3,0,0",Q,#MIN#,2120,,Proticaj,Proticaj,11.668,1671010,Una,6352339.58,4929348.58,Una,PODRUČJA NA SLIVU RIJEKE UNE,2,General;Hidrološka stanica,5590902.51,4928306.95,,,Unac,Unac,Bosnia and Herzegovina,vodostaji.voda.ba
81 Web Kontinuirani,HS Ripač,15.948493224575078,m³/s,PODRUČJA NA SLIVU RIJEKE UNE,44.77242824053419,2026-01-02T15:00:00.000+01:00,12222,"Deci,3,0,0",Q,,2035,,Proticaj,Proticaj,44.791,4110010,Una,6337713.33,4960714.78,Una,PODRUČJA NA SLIVU RIJEKE UNE,2,General;Hidrološka stanica,5575135.73,4959107.44,,,Una,Una,Bosnia and Herzegovina,vodostaji.voda.ba
81 Web Kontinuirani,HS Vrelo Bosne,18.269562358989557,m³/s,PODRUČJA NA SLIVU RIJEKE BOSNE,43.82011213229366,2026-01-02T15:00:00.000+01:00,12145,"Deci,3,0,0",Q,#MIN#,4010,,Proticaj,Proticaj,2.449,5838010,Bosna,6521771.8,4852886.15,Bosna,PODRUČJA NA SLIVU RIJEKE BOSNE,4,General;Hidrološka stanica,6521771.8,4852886.15,,,Bosna,Bosna,Bosnia and Herzegovina,vodostaji.voda.ba
81 Web Kontinuirani,HS Olovske Luke,18.62078,m³/s,PODRUČJA NA SLIVU RIJEKE BOSNE,44.128576,2026-01-02T15:00:00.000+01:00,12188,"Deci,3,0,0",Q,#<MIN#,4412,,Proticaj,Proticaj,0.694,9834010,Bosna,2072855.75,5485361.22,Bosna,PODRUČJA NA SLIVU RIJEKE BOSNE,4,General;Hidrološka stanica,6549767.38,4887307.88,,,Stupčanica,Stupčanica,Bosnia and Herzegovina,vodostaji.voda.ba
81 Web Kontinuirani,HS Kulen Vakuf,16.089030990229585,m³/s,PODRUČJA NA SLIVU RIJEKE UNE,44.5622626667004,2026-01-02T15:00:00.000+01:00,12221,"Deci,3,0,0",Q,#MIN#,2020,,Proticaj,Proticaj,28.368,1571010,Una,6348288.46,4937090.73,Una,PODRUČJA NA SLIVU RIJEKE UNE,2,General;Hidrološka stanica,5586570.65,4935893.79,,,Una,Una,Bosnia and Herzegovina,vodostaji.voda.ba
81 Web Kontinuirani,HS Kralje,15.845914448003748,m³/s,PODRUČJA NA SLIVU RIJEKE UNE,44.83465202037241,2026-01-02T15:00:00.000+01:00,12224,"Deci,3,0,0",Q,#MIN#,2030,,Proticaj,Proticaj,58.056,3894010,Una,6329777.62,4967839.22,Una,PODRUČJA NA SLIVU RIJEKE UNE,2,General;Hidrološka stanica,5566944.84,4965932.34,,,Una,Una,Bosnia and Herzegovina,vodostaji.voda.ba
81 Web Kontinuirani,HS Rimski Most,18.286339067662343,m³/s,PODRUČJA NA SLIVU RIJEKE BOSNE,43.83412245595644,2025-11-16T01:00:00.000+01:00,12146,"Deci,3,0,0",Q,#MIN#,4020,,Proticaj,Proticaj,1.145,5946010,Bosna,6523116.0,4854447.16,Bosna,PODRUČJA NA SLIVU RIJEKE BOSNE,4,General;Hidrološka stanica,6523116.0,4854447.16,,,Bosna,Bosna,Bosnia and Herzegovina,vodostaji.voda.ba
81 Web Kontinuirani,HS Bosanska Krupa,16.153184,m³/s,PODRUČJA NA SLIVU RIJEKE UNE,44.884678,2026-01-02T15:00:00.000+01:00,12226,"Deci,3,0,0",Q,#MIN#,2050,,Proticaj,Proticaj,48.409,4326010,Una,1798164.22,5603384.63,Una,PODRUČJA NA SLIVU RIJEKE UNE,2,General;Hidrološka stanica,6354198.83,4972798.85,,,Una,Una,Bosnia and Herzegovina,vodostaji.voda.ba
81 Web Kontinuirani,HS Drvar,16.38323132787827,m³/s,PODRUČJA NA SLIVU RIJEKE UNE,44.380935591071335,2026-01-02T15:00:00.000+01:00,12228,"Deci,3,0,0",Q,#MIN#,2110,,Proticaj,Proticaj,1.07,4542010,Una,6371259.99,4916437.32,Una,PODRUČJA NA SLIVU RIJEKE UNE,2,General;Hidrološka stanica,5610281.33,4916099.25,,,Unac,Unac,Bosnia and Herzegovina,vodostaji.voda.ba
81 Web Kontinuirani,HS Bosanska Otoka,16.181635756994325,m³/s,PODRUČJA NA SLIVU RIJEKE UNE,44.95924372500955,2026-01-02T15:00:00.000+01:00,12227,"Deci,3,0,0",Q,#MIN#,2060,,Proticaj,Proticaj,57.893,4434010,Una,6356632.5,4981033.75,Una,PODRUČJA NA SLIVU RIJEKE UNE,2,General;Hidrološka stanica,5593287.89,4980107.11,,,Una,Una,Bosnia and Herzegovina,vodostaji.voda.ba
