gauge_id,affiliatedbasin,affiliatedsubsidiarybasinrivercode,affiliatedsubsubsidiarybasinrivercode,alertlevel1,alertlevel2,alertlevel3,areacode,basinidentifier,brittlenessstatus,cardrivedistanceinhours,cityelectricitysupplystatus,constructionmanagement,crossriverstructuresnameofequipment,datacollectionfrequecy,datasubmitted,drainagestatus,ecologicalenvironmentmonitoring,elevationofwaterlevelzeropoint,englishaddress,englishname,englishrivername,equipmentstatus,equipmentstatusoncrossriverstructures,establishdate,floodpreventionpurpose,highsedimentstatus,hydrofacilitymanagement,hydrologicalmonitoringpurpose,lightningstatus,locationaddress,locationbytwd67_xy,locationbytwd97_xy,maintaincycle,noperiodicaldatasubmissionreason,normalobservationtype,obervationitems,observationmethod,observationreason,observationstatus,observatoryidentifier,observatoryname,onsitedatacollection,otherrequirement,realtimedatadeliveryfrequency,realtimedatadeliveryfrequencyinflooddefencetime,remarks,replacestatus,rivername,riversectiondepositionanderosionchange,shortobservationtype,solarpotentialdemage,solarstatus,stealstatus,straightriverstatus,subsidencestatus,sunlightcoveragestatus,sunshinestatus,tidestatus,transmissionequipment,verticaldatumsourcestatus,walkdistanceinhours,waterdrawstatus,waterresourcedistrictidentifier,waterresourcenumber,watershedarea,wirelesstransmissiontype,station_name,river,latitude,longitude,altitude,area,country,source,zero_point_elevation_m
1140H001,1140,,,,,,10004120,1140H001,,,1,,無,,,0,,68800.00,Yufeng T.Jianshi H. Hsinchu H.,YU FENG,Dahan River,3,0,,,0,,,,新竹縣尖石鄉玉峰村,279345.49 2727961.80,280175.42 2727757.28,,,,"0,1",1,,現存,3132001RV1140H001,玉峰(馬利哥灣),,,1,3,,,大漢溪,5,,,1,,0,,,,0,1,5,,0,10,11,335.29,4,玉峰(馬利哥灣),大漢溪,24.656434741302512,121.29811961211165,688.0,335.29,Taiwan,Water Resources Agency (Taiwan),688.0
1140H002,1140,,,,,,68000130,1140H002,,,0,,無,,,0,,52500.00,"Huajun Vil. Fuxing Dist., Taoyuan City",LENG-CHIAD,Dahan River,3,0,,,0,,,,桃園市復興區華陵里,288011.09 2730327.00,288841.17 2730122.57,,,,"0,1",1,,現存,3132001RV1140H002,稜角,,,1,3,,,三光溪,5,,,1,,0,,,,0,1,5,,0,10,11,107.76,4,稜角,三光溪,24.677595737157606,121.38379732072531,525.0,107.76,Taiwan,Water Resources Agency (Taiwan),525.0
1140H041,1140,,,,,,10004120,1140H041,,,1,,無,,,0,,82700.00,Xiuluan T.Jianshi H. Hsinchu H.,XIU LUAN,Dahan River,3,0,,,0,,,,新竹縣尖石鄉秀巒村,278064.89 2723555.80,278894.77 2723351.20,,,,"0,1",1,,現存,3132001RV1140H041,秀巒,,,1,3,,,白石溪,5,,,1,,0,,,,0,1,5,,0,10,11,115.93,4,秀巒,白石溪,24.61667809360088,121.28537710980571,827.0,115.93,Taiwan,Water Resources Agency (Taiwan),827.0
1140H048,1140,114010,114010,32.5,31.3,,65000090,1140H048,0,1,1,0,三峽橋,4,1,0,0,3706.00,"San Xia Qiao,Sanxia Dist., New Taipei City",SAN-HSIA,Sanxia River,1,1,1983-01-01T00:00:00,0,0,0,1,1,新北市三峽區三峽橋,286922.56 2758785.44,287752.81 2758581.45,1,0,1,"0,1,2",1,,現存,3132020RV1140H048,三峽(2),1,0,1,1,,,三峽溪,0,0,2,0,1,1,0,0,0,0,1,1,1,0,10,10,125.34,10,三峽(2),三峽溪,24.934561687062427,121.37381293422516,37.06,125.34,Taiwan,Water Resources Agency (Taiwan),37.06
1140H049,1140,114010,114011,25.0,,,65000090,1140H049,0,1,1,0,,4,1,0,0,2174.00,"Xibei Vil.Sanxia Dist., New Taipei City",HENG CHI,Sanxia River,3,0,1983-06-01T00:00:00,0,0,0,1,0,新北市三峽區溪北里,289047.15 2758923.98,289877.43 2758720.00,1,0,0,"0,1,2",1,1,現存,3132020RV1140H049,橫溪,1,0,1,1,,0,三峽溪,1,0,2,0,1,1,0,0,0,0,1,1,1,0,10,10,52.88,10,橫溪,三峽溪,24.935758305822905,121.39485365789152,21.74,52.88,Taiwan,Water Resources Agency (Taiwan),21.74
1140H054,1140,,,,,,68000130,1140H054,,,1,,無,,,0,,24900.00,Luofu T. Fuxing H.Taoyuan H.,XIA YUN,Dahan River,3,0,,,0,,,,桃園市復興區羅浮里,285813.29 2740336.80,286643.40 2740132.51,,,,"0,1",1,,現存,3132001RV1140H054,霞雲,,,1,3,,,大漢溪,5,,,1,,0,,,,0,1,5,,0,10,11,622.8,4,霞雲,大漢溪,24.76802477053209,121.36234267797336,249.0,622.8,Taiwan,Water Resources Agency (Taiwan),249.0
1140H058,1140,114030,,17.4,14.4,,10017020,1140H058,0,2,1,0,,4,1,0,0,395.00,Wu Du N Rd.Qidu Dist. Keelung City,WU-TU,Keelung  River,3,0,1983-01-01T00:00:00,0,0,0,0,0,基隆市七堵區五堵北街,319436.53 2774928.88,320267.38 2774725.35,1,0,1,"0,1,2",1,,現存,3132020RV1140H058,五堵,1,0,1,1,,,基隆河,0,0,2,0,1,1,0,0,0,0,1,1,1,1,10,10,204.41,4,五堵,基隆河,25.079148985499447,121.69656603943248,3.95,204.41,Taiwan,Water Resources Agency (Taiwan),3.95
1140H062,1140,,,,,,,1140H062,,,,,,,,0,,700.00,"CHUNG-CHENG,CHING-MEI,TAIPEI",CHING-MEI,CHING-MEI CHI,,,,,0,,,,台北市景美區中正路景美橋,304084.30 2764694.30,304914.84 2764490.51,,,,"0,1,2",1,,已廢,3132020RV1140H062,景美,,,,,,,景美溪,5,,,,,0,,,,0,,5,,0,10,10,114.95,10,景美,景美溪,24.98738576939508,121.5439736829814,7.0,114.95,Taiwan,Water Resources Agency (Taiwan),7.0
1140H066,1140,114020,,11.3,9.1,5.9,65000030,1140H066,0,1,1,0,秀朗橋,4,1,1,0,1827.00,"Xiu Lang Qiao,Zhonghe Dist., New Taipei City",HSIU-LUNG,Xindian River,1,1,1983-01-01T00:00:00,0,0,0,1,1,新北市中和區秀朗橋,302588.47 2764911.05,303419.00 2764707.25,1,0,1,"0,1,2",1,,現存,3132020RV1140H066,秀朗,1,0,1,1,,,新店溪,0,0,2,0,1,1,0,0,0,0,1,1,1,1,10,10,750.76,1,秀朗,新店溪,24.989395923864226,121.52916512016884,18.27,750.76,Taiwan,Water Resources Agency (Taiwan),18.27
1140H068,1140,114020,,50.5,,,65000060,1140H068,0,2,1,0,,4,1,1,0,4710.00,"Gui Shan Qiao,Xindian Dist., New Taipei City",CHU-CHIH,Xindian River,3,0,1979-01-01T00:00:00,0,0,0,1,1,新北市新店區龜山橋,304378.16 2756669.90,305208.66 2756465.99,1,0,0,"0,1,2",1,8,現存,3132020RV1140H068,屈尺,1,0,1,1,,0,新店溪,2,0,2,0,1,1,0,0,0,0,1,1,1,1,10,10,645.65,4,屈尺,新店溪,24.914929502731933,121.54656421911763,47.1,645.65,Taiwan,Water Resources Agency (Taiwan),47.1
1140H082,1140,114020,114023,18.0,15.0,11.6,63000080,1140H082,0,1,1,0,寶橋,4,1,0,0,2300.00,"Bao Qiao,Wenshan Dist.,",PO-BRIDGE,Jingmei River,1,1,1987-01-01T00:00:00,0,0,0,1,1,台北市木柵區寶橋,305021.31 2763854.21,305851.87 2763650.41,1,0,1,"0,1,2",1,0,現存,3132020RV1140H082,寶橋,1,0,1,1,,0,景美溪,0,0,2,0,1,1,0,0,0,0,1,4,1,0,10,10,109.22,4,寶橋,景美溪,24.979767146252794,121.5532214096343,23.0,109.22,Taiwan,Water Resources Agency (Taiwan),23.0
1140H096,1140,,,,177.2,176.9,65000010,1140H096,0,2,1,0,水源橋,0,0,0,0,167.42,"Shui Yuan Bridge, Pinglin Dist., New Taipei City",PING-LIN,Beishi River,1,1,,0,0,0,0,0,新北市坪林區水源橋,319909.36 2759096.80,320740.12 2758893.03,7,0,0,"0,1",1,0,現存,3132005RV1140H096,水源橋,0,0,1,1,,0,北勢溪,0,0,0,0,0,0,0,0,0,0,1,0,7,0,10,14,1.13,10,水源橋,北勢溪,24.936197563896947,121.70044097853263,167.42,1.13,Taiwan,Water Resources Agency (Taiwan),167.42
1140H097,1140,,,,,,65000010,1140H097,0,2,1,0,大林橋,0,0,0,0,171.28,"Da Lin Bridge, Pinglin Dist., New Taipei City",DA-LINE,Beishi River,1,1,,0,0,0,0,0,新北市坪林區大林橋,320397.42 2758674.45,321228.18 2758470.67,7,0,0,"0,1",1,0,現存,3132005RV1140H097,大林橋,0,0,1,1,,0,??魚堀溪,0,0,0,0,0,0,0,0,0,0,1,0,7,0,10,14,0.9,10,大林橋,??魚堀溪,24.932361803462,121.70525156879881,171.28,0.9,Taiwan,Water Resources Agency (Taiwan),171.28
1140H098,1140,,,,,,65000010,1140H098,0,2,1,0,金瓜寮橋,0,0,0,0,163.47,"Jin Gua Liao Xi Bridge, Pinglin Dist., New Taipei City",GIN-GUA-LIAO,Beishi River,1,0,,0,0,0,0,0,新北市坪林區金瓜寮溪橋,318770.26 2758209.79,319601.00 2758006.00,3,0,0,"0,1",1,0,現存,3132005RV1140H098,金瓜寮橋,0,0,1,1,,0,北勢溪,0,0,0,0,0,0,0,0,0,0,1,0,3,0,10,14,0.23,10,金瓜寮橋,北勢溪,24.928242206684143,121.68911797609664,163.47,0.23,Taiwan,Water Resources Agency (Taiwan),163.47
1140H099,1140,,,,,,,1140H099,,,1,,思源橋,,,0,,259.33,"Si Yuan Bridge, Pinglin Dist., New Taipei City",SI-YUAN BRIDGE,Beishi River,1,1,,,0,,,,新北市坪林區思源橋,326838.35 2761957.16,327669.24 2761753.48,,,,"0,1",1,,現存,3132005RV1140H099,思源橋,,,1,1,,,北勢溪,5,,,0,,0,,,,0,0,5,,0,10,14,0.74,10,思源橋,北勢溪,24.961682420969566,121.76920614487864,259.33,0.74,Taiwan,Water Resources Agency (Taiwan),259.33
1140H100,1140,114030,,,,,,1140H100,0,2,1,0,瑞峰橋,4,1,0,0,5441.00,"Rui Feng Qiao,Ruifang Dist., New Taipei City",JUIFENG BRIDGE,Jilong River,1,1,2007-02-01T00:00:00,0,0,0,1,0,新北市瑞芳區三爪子路瑞峰橋,330872.00 2778118.00,331703.04 2777914.59,1,0,0,"0,1,2",,1,已廢,3132020RV1140H100,瑞峰橋,1,0,3,1,,1,基隆河,1,0,2,1,1,1,0,0,0,0,1,0,1,0,10,10,94.75,10,瑞峰橋,基隆河,25.10736411352069,121.8101098840278,54.41,94.75,Taiwan,Water Resources Agency (Taiwan),54.41
1140H101,1140,,,,,,65000010,1140H101,0,2,1,0,坪林拱橋站,0,0,0,0,179.08,"Ping Lin Arch Bridge, Pinglin Dist., New Taipei City",PING-LIN arch bridge,Beishi River,0,1,,0,0,0,0,0,新北市坪林區坪林拱橋,321156.92 2759066.29,321987.70 2758862.52,7,0,0,"0,1",1,0,現存,3132005RV1140H101,坪林拱橋站,0,0,1,1,,0,北勢溪,0,0,0,0,0,0,0,0,0,0,1,0,7,0,10,14,1.12,10,坪林拱橋站,北勢溪,24.935863561477493,121.71279169591811,179.08,1.12,Taiwan,Water Resources Agency (Taiwan),179.08
1140H102,1140,,,,,,,1140H102,,,1,,虎寮潭橋站,,,0,,203.54,"Hu Liao Tan Bridge, Pinglin Dist., New Taipei City",Huliaotan,Beishi River,1,1,,,0,,,,新北市坪林區虎寮潭橋,323962.91 2760631.43,324793.74 2760427.71,,,,"0,1",1,,現存,3132005RV1140H102,虎寮潭橋站,,,1,1,,,北勢溪,5,,,0,,0,,,,0,0,5,,0,10,14,0.92,10,虎寮潭橋站,北勢溪,24.949858155206734,121.74065860456072,203.54,0.92,Taiwan,Water Resources Agency (Taiwan),203.54
1140H109,1140,,,,,,,1140H109,,,1,,屈尺堰,,,0,,60.32,"Xindian Dist., New Taipei City",QU-CHI-YAN,Xindian River,3,0,,,0,,,,新北市新店區,304378.16 2756669.90,305208.66 2756465.99,,,,"0,1",1,,現存,3132005RV1140H109,屈尺堰,,,1,1,,,新店溪,5,,,0,,0,,,,0,0,5,,0,10,14,,10,屈尺堰,新店溪,24.914929502731933,121.54656421911763,60.32,,Taiwan,Water Resources Agency (Taiwan),60.32
1140H110,1140,114030,,50.3,47.3,,65000120,1140H110,0,2,0,0,介壽橋,0,1,0,0,5094.00,"Tung-Ho,Jui-Fang,New Taipei City",JEN-SHOU BRIDGE,Keelung  River,1,1,2014-01-06T00:00:00,1,0,0,1,0,新北市瑞芳鎮東和里,330310.40 2778047.48,331141.44 2777844.07,1,0,1,"0,1,2",,,現存,3132020RV1140H110,介壽橋(1),0,0,1,1,,,基隆河,1,1,2,1,1,1,0,0,0,0,1,0,1,1,10,10,,1,介壽橋(1),基隆河,25.10675781743756,121.80453772240845,50.94,,Taiwan,Water Resources Agency (Taiwan),50.94
1290H001,1290,,,,,,,1290H001,,,,,,,,0,,4600.00,"TIEN-HSIN,HSIN-PU,HSINCHU",HSIN-PU-1,FENG-SHAN CHI,,,,,0,,,,新竹縣新埔鎮田心里,255975.50 2746401.00,256805.17 2746196.61,,,,"0,1,2",2,,已廢,3132012RV1290H001,新埔(1),,,,,,,鳳山溪,5,,,,,0,,,,0,,5,,0,10,2,195.42,10,新埔(1),鳳山溪,24.823198405811713,121.06732194668871,46.0,195.42,Taiwan,Water Resources Agency (Taiwan),46.0
1290H002,1290,,,45.2,44.4,44.1,10004030,1290H002,3,1,1,0,新埔大橋,0,1,0,0,5133.00,"Xinpu Brige , Wenshan Vil., Xinpu Township, Hsinchu County",HSIN-PU,Fengshan River,1,1,1972-01-01T00:00:00,1,0,0,1,3,新竹縣新埔鎮文山里新埔橋,255804.32 2746691.48,256634.00 2746487.10,2,0,1,"0,1,2",1,0,現存,3132012RV1290H002,新埔(2),0,0,1,1,,0,鳳山溪,0,0,1,1,2,1,0,0,1,0,1,0,2,0,10,2,208.06,"1,6",新埔(2),鳳山溪,24.825821873428602,121.06562998502712,51.33,208.06,Taiwan,Water Resources Agency (Taiwan),51.33
1300H013,1300,130020,,255.0,253.4,250.2,10004080,1300H013,3,2,1,0,內灣大橋,0,1,0,0,24900.00,"Neiwan Vil., Hengshan Township, Hsinchu County",NEI-WAN,Youluo River,1,1,1971-01-01T00:00:00,1,0,0,1,3,新竹縣橫山鄉內灣村,267645.15 2733062.18,268474.93 2732857.66,2,0,1,"0,1,2,4",1,,現存,3132012RV1300H013,內灣,0,0,1,1,,,油羅溪,0,0,1,1,3,0,0,0,1,0,1,0,2,0,10,2,139.07,"1,6",內灣,油羅溪,24.702669514962587,121.18259167736453,249.0,139.07,Taiwan,Water Resources Agency (Taiwan),249.0
1300H014,1300,130010,,218.1,217.1,213.6,10004080,1300H014,3,2,1,0,昌惠大橋,0,1,0,0,21100.00,"Nanchang Vil., Hengshan Township, Hsinchu County",SHANG-PING,Shangping River,1,1,1971-01-01T00:00:00,1,1,0,1,3,新竹縣橫山鄉昌惠大橋,260705.85 2729318.02,261535.50 2729113.40,2,0,1,"0,1,2,4",1,,現存,3132012RV1300H014,上坪,0,0,1,1,,,上坪溪,3,0,1,1,3,1,0,0,1,0,1,0,2,0,10,2,221.73,"1,6",上坪,上坪溪,24.668931321127758,121.1139772037369,211.0,221.73,Taiwan,Water Resources Agency (Taiwan),211.0
1300H016,1300,,,107.8,106.9,102.6,10004070,1300H016,3,1,1,0,竹林大橋,0,0,0,0,10100.00,"Shitan Vil., Qionglin Township, Hsinchu County",CHU-LIN BRIDGE,Touqian River,1,1,1980-01-01T00:00:00,1,0,0,1,3,新竹縣芎林鄉石潭村,258636.09 2738037.00,259465.76 2737832.50,2,0,0,"0,1,2",1,2,現存,3132012RV1300H016,竹林大橋,0,0,1,1,,1,頭前溪,1,0,3,1,2,0,0,0,1,0,1,0,2,0,10,2,441.38,1,竹林大橋,頭前溪,24.747667784157688,121.09358585530006,101.0,441.38,Taiwan,Water Resources Agency (Taiwan),101.0
1300H017,1300,,,34.3,32.8,29.7,10018010,1300H017,3,1,1,0,經國橋,0,1,0,0,5900.00,"Dongping Vil., Zhubei City, Hsinchu County",JEIN-KUO BRIDGE,Touqian River,1,1,1990-01-01T00:00:00,1,0,0,1,3,新竹縣竹北市東平里,251125.68 2744703.31,251955.28 2744498.87,2,0,1,"0,1,2,4",1,,現存,3132012RV1300H017,經國橋,0,0,1,1,,,頭前溪,0,0,1,1,2,1,0,0,1,0,1,0,2,0,10,2,499.18,"1,6",經國橋,頭前溪,24.80788408415491,121.01934075065837,59.0,499.18,Taiwan,Water Resources Agency (Taiwan),59.0
1300H018,1300,,,,,,10004070,1300H018,3,1,1,0,竹林大橋,0,1,0,0,10100.00,"Shitan Vil., Qionglin Township, Hsinchu County",CHU-LIN BRIDGE,Touqian River,1,1,2008-01-01T00:00:00,1,0,0,1,3,新竹縣芎林鄉石潭村,258636.09 2738037.00,259465.76 2737832.50,2,0,1,"0,1,2,4",1,,現存,3132012RV1300H018,竹林大橋(左岸),0,0,1,1,,,頭前溪,1,0,3,1,2,1,0,0,1,0,1,0,2,0,10,2,441.38,"1,6",竹林大橋(左岸),頭前溪,24.747667784157688,121.09358585530006,101.0,441.38,Taiwan,Water Resources Agency (Taiwan),101.0
1340H006,1340,,,,,,,1340H006,,,,,,,,0,,8300.00,"SAN-WAN,SAN-WAN,MIAOLI",SAN-WAN,CHUNG KANG CHI,,,,,0,,,,苗栗縣三灣鄉三灣村（三灣橋）,244807.30 2726417.50,245636.67 2726212.73,,,,"0,1,2",1,,已廢,3132012RV1340H006,三灣,,,,,,,中港溪,5,,,,,0,,,,0,,5,,0,20,2,165.42,10,三灣,中港溪,24.642778815444128,120.95689682045463,83.0,165.42,Taiwan,Water Resources Agency (Taiwan),83.0
1340H007,1340,,,,,,,1340H007,,,,,,,,0,,25100.00,"NAN-CHUANG,MIAOLI",NAN-CHUANG-2,NAN-CHUANG CHI,,,,,0,,,,苗栗縣南庄鄉東江(東江大橋),249972.00 2721281.30,250801.42 2721076.48,,,,"0,1,2",1,,已廢,3132012RV1340H007,南庄(2),,,,,,,南庄溪,5,,,,,0,,,,0,,5,,0,20,2,77.68,10,南庄(2),南庄溪,24.596410397636117,121.00791391319852,251.0,77.68,Taiwan,Water Resources Agency (Taiwan),251.0
1340H008,1340,,,42.1,41.4,40.6,10005160,1340H008,3,2,1,0,平安橋,0,1,1,0,2600.00,"Neiwanvil., Sanwan Township, Miaoli County",PING AN CHOU,Zhonggang River,1,1,1985-01-01T00:00:00,1,0,0,1,3,苗栗縣三灣鄉內灣村,244025.66 2730079.05,244855.05 2729874.33,2,0,1,"0,1,2,4",1,0,現存,3132012RV1340H008,平安橋,0,0,1,1,,0,中港溪,1,0,1,1,3,0,0,0,1,0,1,0,2,0,20,2,218.12,"1,6",平安橋,中港溪,24.675836222924293,120.94916219477753,26.0,218.12,Taiwan,Water Resources Agency (Taiwan),26.0
1340H009,1340,,,179.4,178.6,,10005110,1340H009,3,3,1,0,永興橋,0,1,0,0,16800.00,"Tianmei Vil., Nanzhuang Township, Miaoli County",YUN HSIN CHOU,Zhonggang River,1,1,1986-01-01T00:00:00,1,0,0,1,3,苗栗縣南庄鄉田美村,249760.09 2723635.07,250589.53 2723430.29,2,0,1,"0,1,2,4",1,0,現存,3132012RV1340H009,永興橋,0,0,1,1,,0,中港溪,3,0,1,1,2,0,0,0,1,0,1,0,2,0,20,2,144.46,"1,6",永興橋,中港溪,24.617662706498024,121.00582251189954,168.0,144.46,Taiwan,Water Resources Agency (Taiwan),168.0
1350H001,1350,,,181.0,178.0,175.6,10005090,1350H001,3,2,1,0,,0,1,0,0,18592.00,"Fudevil., Gongguan Township, Miaoli County",TA-LU-KENG,Houlong River,1,0,1955-01-01T00:00:00,1,1,0,1,3,苗栗縣公館鄉福德村,235174.19 2706423.00,236003.29 2706217.86,2,0,1,"0,1,2",1,,現存,3132012RV1350H001,打鹿坑,0,0,1,1,,0,後龍溪,1,0,1,1,2,0,0,0,1,0,1,0,2,0,20,2,247.28,1,打鹿坑,後龍溪,24.462189816584175,120.86193134448422,185.92,247.28,Taiwan,Water Resources Agency (Taiwan),185.92
1350H009,1350,,,,,,,1350H009,,,,,,,,0,,7900.00,"MING-TE,TOU-WU,MIAOLI",CHU-PAI-TAN,LAO-TIAN-LIAO CHI,,,,,0,,,,苗栗縣頭屋鄉明德村,240997.20 2720372.00,241826.47 2720167.11,,,,"0,1,2",1,,已廢,3132012RV1350H009,竹排潭,,,,,,,老田寮溪,5,,,,,0,,,,0,,5,,0,20,2,45.86,10,竹排潭,老田寮溪,24.588178391136854,120.91929280118217,79.0,45.86,Taiwan,Water Resources Agency (Taiwan),79.0
1350H011,1350,,,,,,,1350H011,,,,,,,,0,,22100.00,"CHU-MU,SHIH-TAN,MIAOLI",WEN-SHUI,WEN-SHUI CHI,,,,,0,,,,苗栗縣獅潭鄉竹木村（汶水橋）,237999.60 2704336.80,238828.72 2704131.64,,,,"0,1,2",1,,已廢,3132012RV1350H011,汶水,,,,,,,汶水溪,5,,,,,0,,,,0,,5,,0,20,2,107.99,10,汶水,汶水溪,24.443376171736652,120.88981875317363,221.0,107.99,Taiwan,Water Resources Agency (Taiwan),221.0
1350H012,1350,,,19.9,19.0,15.6,10005060,1350H012,3,2,1,0,北勢大橋,0,1,1,0,1200.00,"Fengfu Vil., Houlong Township, Miaoli County",PEI-SHIH BRIDGE LEFT SIDE,Houlong River,1,1,1992-01-01T00:00:00,1,0,0,1,1,苗栗縣後龍鎮豐富里,231500.09 2721124.00,232329.23 2720919.06,2,0,1,"0,1,2,4",1,,現存,3132012RV1350H012,北勢大橋左岸,0,0,1,1,,,後龍溪,1,0,2,1,1,1,0,0,1,0,1,0,2,0,20,2,472.2,"1,6",北勢大橋左岸,後龍溪,24.594888164861104,120.82550584377906,12.0,472.2,Taiwan,Water Resources Agency (Taiwan),12.0
1350H013,1350,,,,,,,1350H013,,,,,,,,0,,22600.00,FUHSIN T. TAWU H. MIAOLI,PI AN CHOU,HOU-LUNG CHI,,,,,0,,,,苗栗縣大湖鄉富興村,236338.80 2704726.00,237167.90 2704520.84,,,,"0,1,2",1,,已廢,3132012RV1350H013,彼岸橋,,,,,,,後龍溪,5,,,,,0,,,,0,,5,,0,20,2,109.95,10,彼岸橋,後龍溪,24.446877450063937,120.87343476754695,226.0,109.95,Taiwan,Water Resources Agency (Taiwan),226.0
1350H015,1350,,,,,,,1350H015,,,,,,,,0,,1200.00,"FENG-FU,HOU-LUNG,MIAOLI",PEI-SHIH BRIDGE,HOU-LUNG CHI,,,,,0,,,,苗栗縣後龍鎮豐富里,231500.10 2721123.40,232329.23 2720918.46,,,,"0,1,2",1,,已廢,3132012RV1350H015,北勢大橋(右),,,,,,,後龍溪,5,,,,,0,,,,0,,5,,0,20,2,472.2,10,北勢大橋(右),後龍溪,24.594882747563485,120.825505851289,12.0,472.2,Taiwan,Water Resources Agency (Taiwan),12.0
1350H017,1350,,,,,,10005080,1350H017,3,3,1,0,恭敬橋,0,1,0,0,25413.00,"Minghu Vil., Dahu Township, Miaoli County",KUNGCHING BRIDGE,Houlong River,1,1,1985-01-01T00:00:00,1,0,0,1,3,苗粟縣大湖鄉明湖村,235521.02 2702664.70,236350.10 2702459.50,2,0,1,"0,1,2,4",,,現存,3132012RV1350H017,恭敬橋,0,0,1,1,,,後龍溪,1,0,1,1,3,1,0,0,1,0,1,0,2,0,20,2,109.95,"1,6",恭敬橋,後龍溪,24.42825857455198,120.86538844212997,254.13,109.95,Taiwan,Water Resources Agency (Taiwan),254.13
1400H009,1400,,,196.5,195.5,,66000150,1400H009,1,2,0,0,義里橋,0,1,0,0,18900.00,"Sanfeng Rd., Houli Dist., Taichung City",I-LI,Daan River,1,1,1966-01-01T00:00:00,1,0,0,1,1,台中市后里區三豐路,222572.49 2693171.00,223401.31 2692965.57,2,0,1,"0,1,2",1,0,現存,3132013RV1400H009,義里,0,0,1,1,,0,大安溪,0,0,2,1,2,1,0,0,1,1,1,0,2,1,20,3,633.18,"1,6",義里,大安溪,24.34237014848306,120.73786868223395,189.0,633.18,Taiwan,Water Resources Agency (Taiwan),189.0
1400H010,1400,,,,,,,1400H010,,,,,,,,0,,200.00,"SAN-I,MIAOLI",LI-YU-TAN,JIN-SHAN CHI,,,,,0,,,,苗栗縣大湖鄉新開村,226849.80 2692866.30,227678.67 2692660.89,,,,"0,1,2",1,,已廢,3132013RV1400H010,鯉魚潭,,,,,,,景山溪,5,,,,,0,,,,0,,5,,0,20,3,53.45,10,鯉魚潭,景山溪,24.33968613475796,120.78002674732048,2.0,53.45,Taiwan,Water Resources Agency (Taiwan),2.0
1400H011,1400,,,,,,,1400H011,,,,,,,,0,,32500.00,"TA-AN CHI,CHO-LAN,MIAOLI",ZHUO-LAN,TA-CHIA CHI,,,,,0,,,,苗栗縣卓蘭大安溪公路橋,230438.00 2689191.00,231266.91 2688985.56,,,,"0,1,2",1,,已廢,3132013RV1400H011,卓蘭,,,,,,,大甲溪,5,,,,,0,,,,0,,5,,0,20,3,599.32,10,卓蘭,大甲溪,24.3065481782955,120.8154361952452,325.0,599.32,Taiwan,Water Resources Agency (Taiwan),325.0
1400H012,1400,140050,,607.4,606.0,,66000290,1400H012,1,2,0,0,雪山坑橋,0,1,0,0,60873.00,"Sec. 1, Dongqi Rd., Heping Dist., Taichung City",HSUEH-SHAN-KENG,Xueshankeng River,1,1,1976-01-01T00:00:00,1,0,0,1,1,台中縣和平鄉東崎路一段桃山巷73之6號,242491.58 2692322.21,243320.70 2692116.90,2,0,1,"0,1,2",1,0,現存,3132013RV1400H012,雪山坑,0,0,1,1,,0,雪山坑溪,0,0,2,1,1,0,0,0,1,0,1,0,2,0,20,3,45.32,"1,6",雪山坑,雪山坑溪,24.334919531890776,120.93417889730296,608.73,45.32,Taiwan,Water Resources Agency (Taiwan),608.73
1400H015,1400,,,633.2,631.3,,10005180,1400H015,1,3,0,0,象鼻橋,0,1,0,0,53100.00,"Xiangbi, Tai’An Township, Miaoli County",HSIANG-PI,Daan River,1,1,1991-01-01T00:00:00,1,0,0,1,1,苗栗縣泰安鄉象鼻村,243787.07 2694851.96,244616.23 2694646.70,2,0,1,"0,1,2",1,0,現存,3132013RV1400H015,象鼻(3),0,0,1,1,,0,大安溪,0,0,2,1,1,0,0,0,1,0,1,0,2,0,20,3,437.58,"1,6",象鼻(3),大安溪,24.35776651246238,120.94693616313069,531.0,437.58,Taiwan,Water Resources Agency (Taiwan),531.0
1400H019,1400,140070,,,,,66000010,1400H019,0,0,0,0,,0,0,0,0,,"Liyutan Vil., Sanyi Township, Miaoli County",CHING SHAN,Daan River,3,0,2003-11-20T00:00:00,0,0,0,0,0,苗栗縣三義鄉鯉魚潭村,234773.29 2693716.90,235602.30 2693511.56,0,0,0,"0,1",,,現存,3132002RV1400H019,景山,0,0,1,1,,,哆囉固溪,0,0,0,1,0,0,0,0,0,0,1,0,0,0,20,12,18.89,4,景山,哆囉固溪,24.347460069761645,120.85810409757671,,18.89,Taiwan,Water Resources Agency (Taiwan),
1420H037,1420,,,,,,,1420H037,,,,,,,,0,,53300.00,"TIEN-LUN,HO-PING,TAICHUNG",PAI-LU BRIDGE,TA-CHIA CHI,,,,,0,,,,台中市和平區天輪里,240146.00 2674606.00,240974.96 2674400.40,,,,"0,1,2",1,,已廢,3132013RV1420H037,白鹿橋,,,,,,,大甲溪,5,,,,,0,,,,0,,5,,0,20,3,916.00,10,白鹿橋,大甲溪,24.17494075384822,120.91117402989642,533.0,916.0,Taiwan,Water Resources Agency (Taiwan),533.0
1420H052,1420,,,,,,66000090,1420H052,0,0,0,0,,0,0,0,0,43200.00,"Dongshi Dist., Taichung City",T-IEN LUN HOU CH-IH,Dajia River,3,0,1999-09-21T00:00:00,0,0,0,0,0,台中市東勢區,242960.39 2674193.00,243789.40 2673987.41,0,0,0,"0,1",,0,現存,3132002RV1420H052,馬鞍後池,0,0,1,1,,0,大甲溪,0,0,0,1,0,0,0,0,0,0,1,0,0,0,20,12,870.95,4,馬鞍後池,大甲溪,24.17122533329023,120.93887598496904,432.0,870.95,Taiwan,Water Resources Agency (Taiwan),432.0
1420H053,1420,,,,,,66000010,1420H053,0,0,0,0,天福大橋,0,0,0,0,,"TIAN-FU BRIDGE, Xinshe Dist., Taichung City 426, Taiwan (R.O.C.)",TIAN-FU BRIDGE,Dajia River,1,1,2005-04-15T00:00:00,0,0,0,0,0,台中市新社區天福大橋,235062.71 2673031.03,235891.59 2672825.37,0,0,0,"0,1",,,現存,3132002RV1420H053,天福大橋,0,0,1,1,,,,0,0,0,1,0,0,0,0,0,0,1,0,0,0,20,12,,4,天福大橋,,24.16068190315033,120.86115811601672,,,Taiwan,Water Resources Agency (Taiwan),
1420H058,1420,,,446.5,445.2,,66000100,1420H058,0,3,0,1,龍安橋,0,1,0,0,45531.9,"Long An Qiao, Dongshi Dist., Taichung City",Long An Qiao,Dajia River,1,1,2012-07-18T00:00:00,1,1,0,1,0,台中市東勢區龍安橋,232619.45 2674267.66,233448.30 2674062.00,2,0,1,"0,1,2",,,現存,3132013RV1420H058,龍安橋,0,0,1,1,,,大甲溪,4,0,2,1,0,0,0,0,1,0,1,0,2,0,20,3,,"1,6",龍安橋,大甲溪,24.171824086768915,120.83709942768132,45531.9,,Taiwan,Water Resources Agency (Taiwan),45531.9
1430H006,1430,,,,,,,1430H006,,,,,,,,0,,13100.00,"KUOH-SING,NANTOU",KAN-TZU-LIN,WU CHI,,,,,0,,,,南投縣國姓鄉柑子林村,233427.20 2658233.30,234255.95 2658027.40,,,,"0,1,2",1,,已廢,3132013RV1430H006,柑子林,,,,,,,烏溪,5,,,,,0,,,,0,,5,,0,20,3,954.24,10,柑子林,烏溪,24.027049105695763,120.8452223050584,131.0,954.24,Taiwan,Water Resources Agency (Taiwan),131.0
1430H024,1430,,,,,,,1430H024,,,,,,,,0,,28600.00,"SHIH-MEN,KUOH-SING,NANTOU",KUOH-SING-2,PEI-KANG CHI,,,,,0,,,,南投縣國姓鄉石門村,237325.40 2660059.00,238154.22 2659853.15,,,,"0,1,2",1,,已廢,3132013RV1430H024,國姓(2),,,,,,,北港溪,5,,,,,0,,,,0,,5,,0,20,3,432.00,10,國姓(2),北港溪,24.04356867148187,120.88353075468697,286.0,432.0,Taiwan,Water Resources Agency (Taiwan),286.0
1430H025,1430,,,20.0,18.0,,10007010,1430H025,2,1,0,0,大肚橋,0,1,0,0,2712.3,"Sec. 3, Zhongshan Rd., Wuri Dist., Taichung City",TA-TU BRIDGE,Wu River,1,1,1964-12-18T00:00:00,1,0,0,1,1,台中市烏日區中山路三段,206666.50 2666989.04,207494.90 2666783.10,2,0,1,"0,1,2",1,0,現存,3132013RV1430H025,大肚橋,0,0,1,1,,0,烏溪,0,0,2,1,2,1,0,0,1,0,1,0,2,1,20,3,1980.65,"1,6",大肚橋,烏溪,24.105614930505894,120.58188552028585,2712.3,1980.65,Taiwan,Water Resources Agency (Taiwan),2712.3
1430H028,1430,143050,,30.3,29.5,,66000230,1430H028,2,1,0,0,溪南橋,0,1,0,0,3463.1,"Sec. 1, Xinan Rd., Wuri Dist., Taichung City",CHI-NAN BRIDGE,Dali River,1,1,1984-01-01T00:00:00,1,0,0,1,1,台中市烏日區溪南路一段,212905.19 2665468.00,213733.68 2665262.08,2,0,1,"0,1,2",1,0,現存,3132013RV1430H028,溪南橋,0,0,1,1,,0,大里溪,0,0,2,1,2,1,0,0,1,0,1,0,2,0,20,3,269.4,"1,6",溪南橋,大里溪,24.09203678012828,120.64329222227242,3463.1,269.4,Taiwan,Water Resources Agency (Taiwan),3463.1
1430H030,1430,,,95.7,94.0,,10008030,1430H030,1,2,0,0,烏溪橋,0,1,0,0,10431.4,"Zhongzheng Rd., Caotun Township, Nantou County",WU-CHI BRIDGE,Wu River,1,1,1969-08-20T00:00:00,1,0,0,1,1,南投縣草屯鎮中正路,218204.99 2656247.00,219033.50 2656040.97,2,0,1,"0,1,2",1,0,現存,3132013RV1430H030,烏溪橋,0,0,1,1,,0,烏溪,0,0,2,1,2,1,0,0,1,0,1,0,2,1,20,3,1051.04,"1,6",烏溪橋,烏溪,24.00888850504319,120.69561586055836,10431.4,1051.04,Taiwan,Water Resources Agency (Taiwan),10431.4
1430H031,1430,,,,,,,1430H031,,,,,,,,0,,7400.00,"FU-HSING,NANTOU,NANTOU",YING-PAN-KOU,MAO-LO CHI,,,,,0,,,,南投縣南投市福興里,214012.70 2650268.80,214841.10 2650062.65,,,,"0,1,2",1,,已廢,3132013RV1430H031,營盤口,,,,,,,貓羅溪,5,,,,,0,,,,0,,5,,0,20,3,262.18,10,營盤口,貓羅溪,23.95482029000736,120.65455136300997,74.0,262.18,Taiwan,Water Resources Agency (Taiwan),74.0
1430H032,1430,143010,,344.9,343.2,,10008100,1430H032,2,2,0,0,南北通橋,0,1,0,0,35318.4,"Beizun Ln., Guoxing Township, Nantou County",NAN-PEI BRIDGE,Beigang River,1,1,1976-01-01T00:00:00,1,0,0,1,1,南投縣國姓鄉北圳巷,240262.84 2661727.69,241091.73 2661521.89,2,0,1,"0,1,2",1,0,現存,3132013RV1430H032,南北通橋,0,0,1,1,,0,北港溪,2,0,2,1,2,1,0,1,1,0,1,0,2,0,20,3,408.00,"1,6",南北通橋,北港溪,24.058655815790317,120.91240248008022,35318.4,408.0,Taiwan,Water Resources Agency (Taiwan),35318.4
1430H037,1430,143020,,387.5,386.3,,10008100,1430H037,1,2,0,0,觀音橋,0,1,0,0,39060.7,"Guanyin Rd., Puli Township, Nantou County",KUAN-IN BRIDGE,Nangang River,1,1,1981-01-01T00:00:00,1,0,0,1,1,南投縣埔里鎮觀音路,240275.71 2653396.99,241104.55 2653191.06,2,0,1,"0,1,2",1,0,現存,3132013RV1430H037,觀音橋,0,0,1,1,,0,南港溪,0,0,2,1,2,0,0,0,1,0,1,0,2,1,20,3,338.00,"1,6",觀音橋,南港溪,23.983432300788866,120.91257942285371,39060.7,338.0,Taiwan,Water Resources Agency (Taiwan),39060.7
1430H038,1430,143000,,84.7,82.6,,10008010,1430H038,1,2,0,0,南崗大橋,0,1,0,0,8871.2,"Zhonghua Rd., Nantou City, Nantou County",NAN-KANG BRIDGE,Maoluo River,1,1,1984-01-01T00:00:00,1,0,0,1,1,南投縣南投市中華路,216035.09 2648858.00,216863.52 2648651.84,2,0,1,"0,1,2",1,0,現存,3132013RV1430H038,南崗大橋,0,0,1,1,,0,貓羅溪,0,0,2,1,2,1,0,0,1,0,1,0,2,0,20,3,253.58,"1,6",南崗大橋,貓羅溪,23.94212480978937,120.67445406747898,8871.2,253.58,Taiwan,Water Resources Agency (Taiwan),8871.2
1430H039,1430,,,,,,,1430H039,,,,,,,,0,,2100.00,WU KANG T. WU TZU H. TAICHUG H,TZE TZU CHOU,HANN CHI,,,,,0,,,,台中市烏日區五光里,214451.90 2666684.30,215280.41 2666478.41,,,,"0,1,2",1,,已廢,3132013RV1430H039,自治橋,,,,,,,旱溪,5,,,,,0,,,,0,,5,,0,20,3,121.48,10,自治橋,旱溪,24.103054127164253,120.65847619668851,21.0,121.48,Taiwan,Water Resources Agency (Taiwan),21.0
1430H041,1430,,,,,,,1430H041,,,,,,,,0,,2300.00,TUNGYUAN T. WUTZE H. TAICHUNG,TUNG YUAN PAI SHIOU,TA-LI CHI,,,,,0,,,,台中市烏日區東園里,213407.80 2664476.00,214236.28 2664270.06,,,,"0,1,2",1,,已廢,3132013RV1430H041,東園排水,,,,,,,大里溪,5,,,,,0,,,,0,,5,,0,20,3,13.6,10,東園排水,大里溪,24.08309098314654,120.64826006245049,23.0,13.6,Taiwan,Water Resources Agency (Taiwan),23.0
1430H042,1430,,,,,,,1430H042,,,,,,,,0,,22000.00,"KUOH-SING,NANTOU",CHIN-FON BRIDGE,WU CHI,,,,,0,,,,南投縣國姓鄉福龜村,231553.70 2658225.00,232382.42 2658019.09,,,,"0,1,2",1,,已廢,3132013RV1430H042,乾峰橋,,,,,2006年遭天災沖毀後即停止觀測,,烏溪,5,,,,,0,,,,0,,5,,0,20,3,955.93,10,乾峰橋,烏溪,24.026954356006755,120.82680403956094,220.0,955.93,Taiwan,Water Resources Agency (Taiwan),220.0
1510H021,1510,,,,,,,1510H021,,,,,,,,0,,19500.00,"CHI-CHI,NANTOU",CHI-CHI,CHO-SHUI CHI,,,,,0,,,,南投縣集集鎮集集大橋,226922.60 2636155.30,227751.11 2635949.01,,,,"0,1,2",1,,已廢,3132014RV1510H021,集集,,,,,,,濁水溪,5,,,,,0,,,,0,,5,,0,20,4,2304.2,10,集集,濁水溪,23.827612175519132,120.78160992288109,195.0,2304.2,Taiwan,Water Resources Agency (Taiwan),195.0
1510H024,1510,,,,,,,1510H024,,,,,,,,0,,23500.00,"TUNG-TOU,CHU-SHAN,NANTOU",TUNG-TOU,CHING-SHUI CHI,,,2002-01-01T00:00:00,,0,,,,南投縣竹山鎮桶頭里,214392.20 2615946.00,215220.38 2615739.32,,,,"0,1,2",1,,已廢,3132014RV1510H024,桶頭(2),,,,,因橋樑危橋封橋且預計下游設置攔河堰影響水文觀測自98.9.1停測,,清水溪,5,,,,,0,,,,0,,5,,0,20,4,259.2,10,桶頭(2),清水溪,23.644900901537024,120.6590876129894,235.0,259.2,Taiwan,Water Resources Agency (Taiwan),235.0
1510H029,1510,,,,,,,1510H029,,,,,,,,0,,2700.00,"HSI-LO,HSI-LO,YUNLIN",HSI-LO,CHO-SHUI CHI,,,,,0,,,,雲林縣西螺鎮福興里西螺大橋,195616.50 2635601.50,196444.52 2635395.00,,,,"0,1,2",1,,已廢,3132014RV1510H029,西螺,,,,,,,濁水溪,5,,,,,0,,,,0,,5,,0,20,4,2975.52,10,西螺,濁水溪,23.821868259116254,120.4743387887675,27.0,2975.52,Taiwan,Water Resources Agency (Taiwan),27.0
1510H049,1510,151010,,477.6,477.2,474.6,10008120,1510H049,2,3,1,0,愛國橋,0,1,0,0,48512.00,"Xinyi Township, Nantou County",NEI-MAO-PU,Chenyoulan River,1,1,2002-01-01T00:00:00,1,1,0,1,1,南投縣信義鄉愛國大橋,233981.04 2621445.70,234809.57 2621239.23,0,0,1,"0,1,2",1,0,現存,3132014RV1510H049,內茅埔,0,0,1,1,,0,陳有蘭溪,4,0,1,0,2,1,0,0,1,0,1,0,0,0,20,4,367.4,10,內茅埔,陳有蘭溪,23.694867974618894,120.85104519415398,485.12,367.4,Taiwan,Water Resources Agency (Taiwan),485.12
1510H050,1510,151030,,163.3,162.7,,10008040,1510H050,3,2,1,0,延平橋,0,1,0,0,16501.2,"Yanping Vil., Zhushan Township, Nantou County",YEN-PING BRIDGE,Dongpurui River,1,1,2002-01-01T00:00:00,1,1,0,1,1,南投縣竹山鎮延平里,219729.07 2630521.84,220557.44 2630315.42,0,0,1,"0,1,2",2,,現存,3132014RV1510H050,延平橋,0,0,1,1,配合公路局延平橋修建暫停觀測--97.7.1重新觀測,,東埔蚋溪,1,0,1,0,2,1,0,0,1,0,1,0,0,0,20,4,86.46,10,延平橋,東埔蚋溪,23.776626381223945,120.71111162107219,16501.2,86.46,Taiwan,Water Resources Agency (Taiwan),16501.2
1510H052,1510,,,,,,,1510H052,,,,,,,,0,,49100.00,"TSAO-LING,KU-KENG,YUNLIN",TSAO-LING,CHO-SHUI CHI,,,,,0,,,,雲林縣古坑鄉草嶺村,214413.70 2607818.00,215241.83 2607611.19,,,,"0,1,2",1,,已廢,3132014RV1510H052,草嶺,,,,,,,濁水溪,5,,,,,0,,,,0,,5,,0,20,4,160.07,10,草嶺,濁水溪,23.571505354462087,120.65948749119734,491.0,160.07,Taiwan,Water Resources Agency (Taiwan),491.0
1510H057,1510,,,97.3,96.1,94.5,10009100,1510H057,1,1,1,0,彰雲橋,0,1,1,0,10717.00,"Linbei Vil., Linnei Township, Yunlin County",CHUNYUN BRIDGE,Zhuoshui River,1,1,2002-01-01T00:00:00,1,1,0,1,1,雲林縣林內鄉林北村,212080.24 2631518.15,212908.50 2631311.70,0,0,1,"0,1,2,4",1,,現存,3132014RV1510H057,彰雲橋,0,0,1,1,,,濁水溪,3,0,3,0,1,1,0,0,1,0,1,0,0,1,20,4,2906.32,"10,6",彰雲橋,濁水溪,23.78546380295086,120.63603676326994,107.17,2906.32,Taiwan,Water Resources Agency (Taiwan),107.17
1510H059,1510,,,,,,,1510H059,,,,,,,,0,,28700.00,"SEAI-LI, NANTOU",YANHSING BRIDGE,CHO-SHUI CHI,,,,,0,,,,南投縣水里鄉永興橋,235955.90 2631595.40,236784.52 2631389.10,,,,"0,1,2",1,,已廢,3132014RV1510H059,永興橋,,,,,,,濁水溪,5,,,,,0,,,,0,,5,,0,20,4,2090.62,10,永興橋,濁水溪,23.78653729090209,120.87032048954721,287.0,2090.62,Taiwan,Water Resources Agency (Taiwan),287.0
1510H063,1510,,,273.6,271.9,268.6,10008110,1510H063,2,2,1,0,玉峰橋,0,1,1,0,27909.00,"Yufeng Vil., Shuili Township, Nantou County",YUN-FENG BRIDGE,Zhuoshui River,1,1,2002-01-01T00:00:00,1,1,0,1,1,南投縣水里鄉玉峰村,233248.34 2634048.58,234076.94 2633842.30,0,0,1,"0,1,2",1,,現存,3132014RV1510H063,玉峰橋,0,0,1,1,,,濁水溪,4,0,1,0,2,1,0,0,1,0,1,0,0,1,20,4,2098.94,10,玉峰橋,濁水溪,23.808664547266098,120.84372540241183,279.09,2098.94,Taiwan,Water Resources Agency (Taiwan),279.09
1510H064,1510,151090,,268.5,267.7,,10008110,1510H064,2,2,1,0,中山橋,0,1,0,0,27883.00,"Shanshui Vil., Shuili Township, Nantou County",SHUI-LI BRIDGE,Shuili River,1,1,2002-01-01T00:00:00,1,1,0,1,1,南投縣水里鄉水里村,233945.18 2634624.06,234773.80 2634417.80,0,0,1,"0,1",1,,現存,3132014RV1510H064,水里,0,0,1,1,,,水里溪,2,0,1,0,2,1,0,0,1,0,1,0,0,0,20,4,80.22,10,水里,水里溪,23.81386795605717,120.85055866921434,278.83,80.22,Taiwan,Water Resources Agency (Taiwan),278.83
1510H071,1510,,,29.8,28.6,26.0,10007260,1510H071,1,1,1,0,溪州大橋,0,1,1,0,3960.00,"Shuiwei Vil., Xizhou Township, Changhua County",CHI-CHOU BRIDGE,Zhuoshui River,1,1,2000-01-01T00:00:00,1,1,0,1,1,彰化縣溪州鄉水尾村,195131.69 2634122.02,195959.70 2633915.50,0,0,1,"0,1,2",1,0,現存,3132014RV1510H071,溪州大橋,0,0,1,1,,0,濁水溪,1,0,3,0,1,1,0,0,1,0,1,0,0,1,20,4,2974.73,10,溪州大橋,濁水溪,23.808492956774813,120.46963458777212,39.6,2974.73,Taiwan,Water Resources Agency (Taiwan),39.6
1510H072,1510,,,,,,,1510H072,,,,,,,,0,,,"MEI-SHAN,CHIA-I",SHE XING BRIDGE,CHING-SHUI CHI,,,,,0,,,,嘉義縣梅山鄉太和村,221137.00 2606394.00,221965.22 2606187.22,,,,"0,1,2",1,,已廢,3132014RV1510H072,社興橋,,,,,,,清水溪,5,,,,,0,,,,0,,5,,0,30,4,61.15,10,社興橋,清水溪,23.558777264427196,120.7253800470961,,61.15,Taiwan,Water Resources Agency (Taiwan),
1510H073,1510,,,,,,,1510H073,,,,,,,,0,,,"MEI-SHAN,CHIA-I",RUI FENG BRIDGE,SHENG-MAO-SHU CHI,,,,,0,,,,嘉義縣梅山鄉碧湖村,212494.00 2607029.00,213322.09 2606822.17,,,,"0,1,2",1,,已廢,3132014RV1510H073,瑞峰橋,,,,,,,生毛樹溪,5,,,,,0,,,,0,,5,,0,30,4,42.8,10,瑞峰橋,生毛樹溪,23.564338242108494,120.64070019279406,,42.8,Taiwan,Water Resources Agency (Taiwan),
1510H074,1510,,,,,,,1510H074,,,,,,,,0,,,"KU-KENG,YUNLIN",CAO LING LAKE,CHO-SHUI CHI,,,,,0,,,,雲林縣古坑鄉草嶺村,218879.00 2608188.00,219707.20 2607981.23,,,,"0,1,2",1,,已廢,3132014RV1510H074,草嶺湖,,,,,,,濁水溪,5,,,,,0,,,,0,,5,,0,20,4,157.73,10,草嶺湖,濁水溪,23.57493647380905,120.70322501608051,,157.73,Taiwan,Water Resources Agency (Taiwan),
1510H075,1510,,,353.9,352.4,,10008110,1510H075,2,2,1,0,寶石橋,0,1,0,0,35640.00,"Minhe Vil., Shuili Township, Nantou County",BAO-SHIH BRIDGE,Zhuoshui River,1,1,2002-01-01T00:00:00,1,1,0,1,1,南投縣水里鄉民和村,240422.04 2632333.37,241250.74 2632127.11,0,0,1,"0,1,2",,,現存,3132014RV1510H075,寶石橋,0,0,1,1,,,濁水溪,3,0,1,0,2,1,0,0,1,0,1,0,0,0,20,4,1542.39,10,寶石橋,濁水溪,23.793231978841135,120.91414173076053,356.4,1542.39,Taiwan,Water Resources Agency (Taiwan),356.4
1510H077,1510,,,,,,,1510H077,,,,,,,,0,,,,SONG LIN BRIDGE,CHO-SHUI CHI,,,,,0,,,,,259011.17 2651741.16,259840.27 2651535.32,,,,"0,1,2",,,已廢,3132002RV1510H077,松林橋,,,,,,,濁水溪,5,,,,,0,,,,0,,5,,0,20,12,,10,松林橋,濁水溪,23.968476069360953,121.09669468457254,,,Taiwan,Water Resources Agency (Taiwan),
1510H079,1510,151020,,195.2,194.6,,10008040,1510H079,1,2,1,0,龍門大橋,0,1,0,0,20128.00,"Linan Vil., Zhushan Township, Nantou County",LONG-MEN BRIDGE,Qingshui River,1,1,2009-11-01T00:00:00,1,1,0,1,1,南投縣竹山鎮鯉南里,214741.10 2619124.15,215569.32 2618917.52,0,0,1,"0,1,2",1,,現存,3132014RV1510H079,龍門橋,0,0,1,1,因應桶頭(2)不適合設置測站遷移至下游500公尺之龍門橋觀測,,清水溪,1,0,3,0,1,1,0,0,1,0,1,0,0,0,20,4,360.00,10,龍門橋,清水溪,23.673606956545107,120.66243424756753,201.28,360.0,Taiwan,Water Resources Agency (Taiwan),201.28
1510H083,1510,151020,,,,,10008010,1510H083,0,0,1,0,南雲大橋,0,0,0,0,,"NAN-YUN BRIDGE, Zhushan Township, Nantou County 557, Taiwan (R.O.C.)",NAN-YUN BRIDGE,Zhuoshui River,1,1,2011-01-01T00:00:00,0,0,0,0,0,南投縣竹山鎮南雲大橋,214197.06 2628617.23,215025.33 2628410.75,0,0,0,"0,1",,,現存,3132002RV1510H083,南雲大橋,0,0,1,1,,,清水溪,0,0,0,0,0,0,0,0,0,0,1,0,0,0,20,12,,10,南雲大橋,清水溪,23.759316719145957,120.65687674163689,,,Taiwan,Water Resources Agency (Taiwan),
1540H009,1540,,,11.0,10.0,5.6,10009060,1540H009,3,2,0,0,北港大橋,0,1,0,0,1616.00,"Beigang B., Nanan, Beigang Township, Yunlin County 651, Taiwan (R.O.C.)",PEI-KANG-2,Beigang River,1,1,1940-12-01T00:00:00,1,0,0,1,3,雲林縣北港鎮南安里（北港大橋）,177838.93 2606912.36,178666.50 2606705.30,3,0,1,"0,1,2",1,,現存,3132015RV1540H009,北港(2),0,0,1,1,,0,北港溪,0,0,1,1,2,1,1,0,1,1,1,0,3,0,20,5,597.46,"1,6",北港(2),北港溪,23.562127839002525,120.30123161975001,16.16,597.46,Taiwan,Water Resources Agency (Taiwan),16.16
1540H014,1540,154020,,17.5,15.3,12.2,10010060,1540H014,3,1,0,0,和平橋,0,1,0,0,2180.00,"Heping B., Xibei, Xikou Township, Chiayi County 623, Taiwan (R.O.C.)",CHI-KOU,Sandie River,1,1,1975-07-01T00:00:00,1,0,0,1,3,嘉義縣溪口鄉溪北村（和平橋）,187876.17 2612023.50,188703.93 2611816.59,3,0,1,"0,1,2",1,,現存,3132015RV1540H014,溪口,0,0,1,1,,,三疊溪,0,0,1,1,2,1,1,0,1,0,1,0,3,0,30,5,129.38,1,溪口,三疊溪,23.60869135141913,120.3993416744306,21.8,129.38,Taiwan,Water Resources Agency (Taiwan),21.8
1540H029,1540,,,22.0,20.0,18.5,10009030,1540H029,3,2,0,0,土庫大橋,0,1,0,0,2711.00,"Tuku B., Yanping, Huwei Township, Yunlin County 632, Taiwan (R.O.C.)",TUN-KUN BRIDGE,Beigang River,1,1,1983-12-01T00:00:00,1,0,0,1,3,雲林縣虎尾鎮延平里（土庫大橋）,189892.39 2620065.00,190720.23 2619858.22,3,0,1,"0,1,2",1,0,現存,3132015RV1540H029,土庫大橋,0,0,1,1,,0,虎尾溪,0,0,3,1,0,1,1,0,1,0,1,0,3,0,20,5,253.22,"1,6",土庫大橋,虎尾溪,23.681378653425984,120.41877858312166,27.11,253.22,Taiwan,Water Resources Agency (Taiwan),27.11
1550H001,1550,,,,,,,1550H001,,,,,,,,0,,2900.00,"LAO-TAN,HSIN-PEI,CHIA-I",HOU-HU,PO-TZU CHI,,,,,0,,,,嘉義市老藤里,194157.70 2600574.00,194985.47 2600366.95,,,,"0,1,2",2,,已廢,3132015RV1550H001,後湖,,,,,,,朴子溪,5,,,,,0,,,,0,,5,,0,30,5,141.47,10,後湖,朴子溪,23.505530543700907,120.46131569973569,29.0,141.47,Taiwan,Water Resources Agency (Taiwan),29.0
1550H003,1550,,,,,,,1550H003,,,,,,,,0,,100.00,"NEI-TSO,PO-TZU,CHIA-I",PO-TZU-2,PO-TZU CHI,,,,,0,,,,嘉義縣朴子鎮內厝里,170364.60 2596551.50,171191.97 2596344.23,,,,"0,1,2",1,,已廢,3132015RV1550H003,朴子(2),,,,,,,朴子溪,5,,,,,0,,,,0,,5,,0,30,5,288.94,10,朴子(2),朴子溪,23.468228121281552,120.2285627934772,1.0,288.94,Taiwan,Water Resources Agency (Taiwan),1.0
1550H005,1550,,,,,,,1550H005,,,,,,,,0,,3800.00,"SHIH-YEH,CHU-CHI,CHIA-I",DAM SITE,SHI-ZI-TOU CHI,,,,,0,,,,嘉義縣竹崎鄉獅埜村,197238.80 2602932.00,198066.63 2602725.01,,,,"0,1,2",2,,已廢,3132015RV1550H005,埧址,,,,,,,獅子頭溪,5,,,,,0,,,,0,,5,,0,30,5,15.21,10,埧址,獅子頭溪,23.52692473017878,120.49140268258282,38.0,15.21,Taiwan,Water Resources Agency (Taiwan),38.0
1550H006,1550,,,,,,,1550H006,,,,,,,,0,,8000.00,"LU-MAN,CHU-CHI,CHIA-I",LU-MAN,LU-MAN CHI,,,,,0,,,,嘉義縣竹崎鄉鹿滿村,201620.60 2599545.30,202448.48 2599338.28,,,,"0,1,2",1,,已廢,3132015RV1550H006,鹿滿,,,,,,,鹿滿溪,5,,,,,0,,,,0,,5,,0,30,5,22.08,10,鹿滿,鹿滿溪,23.496477361128218,120.5344216737833,80.0,22.08,Taiwan,Water Resources Agency (Taiwan),80.0
1550H007,1550,,,,,,,1550H007,,,,,,,,0,,11000.00,"CHU-CHI,CHU-CHI,CHIA-I",CHU-CHI,NIU-CHOU CHI,,,,,0,,,,嘉義縣竹崎鄉竹崎村,203379.50 2602795.00,204207.42 2602588.04,,,,"0,1,2",2,,已廢,3132015RV1550H007,竹崎,,,,,,,牛稠溪,5,,,,,0,,,,0,,5,,0,30,5,42.17,10,竹崎,牛稠溪,23.525872782306767,120.5515437392175,110.0,42.17,Taiwan,Water Resources Agency (Taiwan),110.0
1550H008,1550,,,,,,,1550H008,,,,,,,,0,,3800.00,"SHIH-YEH,CHU-CHI,CHIA-I",JEN-HO BRIDGE,SHI-ZI-TOU CHI,,,,,0,,,,嘉義縣竹崎鄉獅埜村,196141.60 2601090.80,196969.40 2600883.77,,,,"0,1,2",2,,已廢,3132015RV1550H008,仁和橋,,,,,,,獅子頭溪,5,,,,,0,,,,0,,5,,0,30,5,16.51,10,仁和橋,獅子頭溪,23.510263281124153,120.48072276939764,38.0,16.51,Taiwan,Water Resources Agency (Taiwan),38.0
1550H009,1550,,,,,,,1550H009,,,,,,,,0,,1500.00,"LAO-TAN,CHIA-I CITY",NIU-CHOU-CHI BRIDGE,PO-TZU CHI,,,,,0,,,,嘉義市荖藤里,192306.10 2601471.10,193133.84 2601264.05,,,,"0,1,2",1,,已廢,3132015RV1550H009,牛稠溪橋,,,,,,,朴子溪,5,,,,,0,,,,0,,5,,0,30,5,149.68,10,牛稠溪橋,朴子溪,23.51356735546396,120.44315174278364,15.0,149.68,Taiwan,Water Resources Agency (Taiwan),15.0
1550H010,1550,,,,,,,1550H010,,,,,,,,0,,8900.00,"HO-PING,CHU-CHI,CHIA-I",HO-LOH BRIDGE,NIU-CHOU CHI,,,,,0,,,,嘉義縣竹崎鄉和平村,202023.80 2601361.00,202851.69 2601154.01,,,,"0,1,2",1,,已廢,3132015RV1550H010,和樂橋,,,,,,,牛稠溪,5,,,,,0,,,,0,,5,,0,30,5,44.25,10,和樂橋,牛稠溪,23.512884898970878,120.53831228209467,89.0,44.25,Taiwan,Water Resources Agency (Taiwan),89.0
1550H012,1550,,,11.3,10.2,9.0,10010080,1550H012,3,2,0,0,灣內大橋,0,1,0,0,1687.00,"Wannei B., Suantou, Liujiao Township, Chiayi County 615, Taiwan (R.O.C.)",WAN-NEI BRIDGE,Pozi River,1,1,1993-07-01T00:00:00,1,0,0,1,3,嘉義縣六腳鄉蒜頭村（灣內大橋）,178003.72 2599804.01,178831.24 2599596.84,3,0,1,"0,1,2",1,0,現存,3132015RV1550H012,灣內橋,0,0,1,1,,0,朴子溪,1,0,1,1,2,1,1,0,1,1,1,0,3,0,30,5,282.89,1,灣內橋,朴子溪,23.49794955493227,120.3031833751843,16.87,282.89,Taiwan,Water Resources Agency (Taiwan),16.87
1550H013,1550,,,,,,10020020,1550H013,3,1,1,0,華興橋,0,1,0,0,2644.00,"Huasing B., Wenhua Rd., West Dist., Chiayi City 600, Taiwan (R.O.C.)",HUA XING BRIDGE,Pozi River,1,1,2001-07-01T00:00:00,1,1,0,1,3,嘉義市西區老藤里文化路（華興橋）,191390.00 2601044.00,192217.73 2600836.94,3,0,1,"0,1,2",1,0,已廢,3132015RV1550H013,華興橋,0,0,7,1,,0,朴子溪,1,0,1,1,2,0,1,0,1,0,1,0,3,0,30,5,155.08,"0,1",華興橋,朴子溪,23.5096783427769,120.43419776815283,26.44,155.08,Taiwan,Water Resources Agency (Taiwan),26.44
1550H017,1550,155010,,24.1,21.6,,10020020,1550H017,2,0,0,0,牛稠溪橋,0,1,0,0,2901.00,"Laoteng Village, Chiayi City, Taiwan, R.O.C.",Niuchouxi Bridge,,1,1,2015-09-30T00:00:00,1,0,0,1,2,嘉義市荖藤里,192319.25 2601469.05,193147.00 2601262.00,3,0,0,"0,1,2",,0,現存,3132015RV1550H017,牛稠溪橋(1),0,0,1,1,,0,牛稠溪,1,0,1,1,2,0,0,0,1,0,1,0,3,0,30,5,,1,牛稠溪橋(1),牛稠溪,23.513549305268885,120.44328068203083,29.01,,Taiwan,Water Resources Agency (Taiwan),29.01
1580H001,1580,,,228.8,227.0,,10010160,1580H001,2,1,0,0,觸口橋,0,1,0,0,23785.00,"Chukou B., Fanlu Township, Chiayi County 602, Taiwan (R.O.C.)",CHU-KOU,Bazhang River,1,1,1940-01-01T00:00:00,1,1,0,1,3,嘉義縣番路鄉（觸口大橋）,208896.98 2593135.18,209724.94 2592928.11,3,0,1,"0,1,2",1,,現存,3132015RV1580H001,觸口,0,0,1,1,,,八掌溪,1,0,1,1,3,1,0,0,1,0,1,0,3,0,30,5,83.15,"1,6",觸口,八掌溪,23.438790209790593,120.60583622449222,237.85,83.15,Taiwan,Water Resources Agency (Taiwan),237.85
1580H002,1580,,,,,,,1580H002,,,,,,,,0,,2500.00,"LIEN-TAN,PAI-HO,TAINAN",SAN-CHIAO-TAN,PA-CHANG CHI,,,,,0,,,,台南市白河區蓮潭里,189286.10 2590019.50,190113.72 2589812.25,,,,"0,1,2",2,,已廢,3132015RV1580H002,三角潭,,,,,,,八掌溪,5,,,,,0,,,,0,,5,,0,30,5,49.69,10,三角潭,八掌溪,23.410052120556408,120.41403571084173,25.0,49.69,Taiwan,Water Resources Agency (Taiwan),25.0
1580H005,1580,,,,,,,1580H005,,,,,,,,0,,300.00,"I-CHU,I-CHU,CHIA-I",I-CHU(HO-SUNG BRIDGE),PA-CHANG CHI,,,1940-12-01T00:00:00,,0,,,,嘉義縣義竹鄉厚生橋,172747.40 2581060.00,173574.71 2580852.51,,,,"0,1,2",1,,已廢,3132015RV1580H005,義竹(厚生橋),,,,,已遷移至汫水港橋,,八掌溪,5,,,,,0,,,,0,,5,,0,30,5,441.02,10,義竹(厚生橋),八掌溪,23.328459148593666,120.25267091738212,3.0,441.02,Taiwan,Water Resources Agency (Taiwan),3.0
1580H007,1580,,,30.5,29.5,28.0,10020010,1580H007,2,0,0,0,軍輝橋,0,1,0,0,3710.00,"Junhui B.,He-Mu, Zhongpu Township, Chiayi County 606, Taiwan (R.O.C.)",CHUN-HUEI BRIDGE,Bazhang River,1,1,1969-12-01T00:00:00,1,1,0,1,1,嘉義市東區興仁里（軍輝橋）,193813.49 2595373.00,194641.23 2595165.87,3,0,1,"0,1,2",1,,現存,3132015RV1580H007,軍輝橋,0,0,1,1,,,八掌溪,1,0,1,1,3,1,0,1,1,0,1,0,3,1,20,5,122.25,"1,6",軍輝橋,八掌溪,23.458554257350173,120.45813704260277,37.1,122.25,Taiwan,Water Resources Agency (Taiwan),37.1
1580H008,1580,158010,,25.9,24.4,,10010120,1580H008,2,1,0,0,赤蘭溪橋,0,1,0,0,3127.00,"Chilanxi B.,Zhong-Han, Shuishang Township, Chiayi County 608, Taiwan (R.O.C.)",Chilanxi  BRIDGE,Chilan River,1,1,1969-12-01T00:00:00,1,1,0,1,1,嘉義縣水上鄉忠和村（赤蘭溪橋）,192957.61 2592097.50,193785.31 2591890.31,3,0,1,"0,1,2",1,,現存,3132015RV1580H008,赤蘭溪橋,0,0,1,1,,,赤蘭溪,1,0,1,1,2,0,0,0,1,0,1,0,3,0,30,5,101.09,1,赤蘭溪橋,赤蘭溪,23.428947252525667,120.44988189210966,31.27,101.09,Taiwan,Water Resources Agency (Taiwan),31.27
1580H009,1580,,,,,,,1580H009,,,,,,,,0,,14500.00,"SHE-KOU,CHUNG-PU,CHIA-I",WU-HU-LIAO BRIDGE,WU-HU-LIAO CHI,,,,,0,,,,嘉義縣中埔鄉社口村,204540.20 2594301.50,205368.09 2594094.42,,,,"0,1,2",1,,已廢,3132015RV1580H009,五虎寮橋,,,,,,,五虎寮溪,5,,,,,0,,,,0,,5,,0,30,5,91.09,10,五虎寮橋,五虎寮溪,23.449208464086844,120.56316291494117,145.0,91.09,Taiwan,Water Resources Agency (Taiwan),145.0
1580H012,1580,,,,,,,1580H012,,,,,,,,0,,11200.00,"FAN-LU,CHIA-I",WU-FUNG BRIDGE,PA-CHANG CHI,,,,,0,,,,嘉義縣番路鄉新福村,200537.90 2594616.50,201365.73 2594409.40,,,,"0,1,2",1,,已廢,3132015RV1580H012,吳鳳橋,,,,,,,八掌溪,5,,,,,0,,,,0,,5,,0,30,5,98.5,10,吳鳳橋,八掌溪,23.45193813497357,120.5239804256179,112.0,98.5,Taiwan,Water Resources Agency (Taiwan),112.0
1580H021,1580,,,8.1,5.9,,67000020,1580H021,2,0,0,0,厚生橋,0,1,0,0,1233.00,"Housheng Bridge, Yanshui District, Tainan City",Housheng Bridge,Bazhang River,1,1,2015-09-30T00:00:00,1,0,0,1,2,臺南市鹽水區下中里厚生橋,172732.23 2581109.14,173559.55 2580901.65,3,0,0,"0,1,2",,1,現存,3132015RV1580H021,義竹(厚生橋)(1),0,0,1,1,,0,八掌溪,0,0,1,1,2,0,1,0,1,0,1,0,3,0,30,5,0.00,"1,6",義竹(厚生橋)(1),八掌溪,23.328902155387482,120.25252020175074,12.33,0.0,Taiwan,Water Resources Agency (Taiwan),12.33
1590H001,1590,,,,,,,1590H001,,,,,,,,0,,1900.00,"HO-TUNG,PAI-HO,TAINAN",PAI-HO,PAI-SHUI CHI,,,,,0,,,,台南市白河區河東里,190278.70 2583046.30,191106.29 2582838.95,,,,"0,1,2",2,,已廢,3132015RV1590H001,白河,,,,,,,白水溪,5,,,,,0,,,,0,,5,,0,30,5,40.48,10,白河,白水溪,23.347120426935145,120.42401941538903,19.0,40.48,Taiwan,Water Resources Agency (Taiwan),19.0
1590H002,1590,,,,,,,1590H002,,,,,,,,0,,1900.00,"KAN-TOU,PAI-HO,TAINAN",KAN-TZU-TOU,LIU-CHUNG CHI,,,,,0,,,,台南市白河區崁頭里,189190.00 2581291.50,190017.56 2581084.12,,,,"0,1,2",2,,已廢,3132015RV1590H002,崁子頭,,,,,,,六重溪,5,,,,,0,,,,0,,5,,0,30,5,33.37,10,崁子頭,六重溪,23.33123500591672,120.41344166821403,19.0,33.37,Taiwan,Water Resources Agency (Taiwan),19.0
1590H003,1590,,,,,,,1590H003,,,,,,,,0,,1500.00,"HSU-SHAN,LIU-YING,TAINAN",SHAN-TZU-CHIAO,KUEI-CHUNG CHI,,,,,0,,,,台南市柳營區旭山里,187182.30 2575716.30,188009.80 2575508.82,,,,"0,1,2",2,,已廢,3132015RV1590H003,山子腳,,,,,,,龜重溪,5,,,,,0,,,,0,,5,,0,30,5,81.23,10,山子腳,龜重溪,23.280815983365205,120.39403708086537,15.0,81.23,Taiwan,Water Resources Agency (Taiwan),15.0
1590H006,1590,,,,,,,1590H006,,,,,,,,0,,500.00,"HSUEH-CHIA,TAINAN",HSUEH-CHIA,CHI-SHUI CHI,,,,,0,,,,台南市學甲區學甲,165147.90 2574841.00,165975.05 2574633.36,,,,"0,1,2",2,,已廢,3132015RV1590H006,學甲,,,,,,,急水溪,5,,,,,0,,,,0,,5,,0,30,5,314.24,10,學甲,急水溪,23.27193149436718,120.17870765814908,5.0,314.24,Taiwan,Water Resources Agency (Taiwan),5.0
1590H007,1590,,,,,,,1590H007,,,,,,,,0,,14000.00,"HSIEN-TSAO,PAI-HO,TAINAN",MU-CHI-LIAO,PAI-SHUI CHI,,,,,0,,,,台南市白河區仙草里,194543.20 2583988.30,195370.86 2583781.00,,,,"0,1,2",2,,已廢,3132015RV1590H007,木屐寮,,,,,,,白水溪,5,,,,,0,,,,0,,5,,0,30,5,27.82,10,木屐寮,白水溪,23.35577494756718,120.4656914027253,140.0,27.82,Taiwan,Water Resources Agency (Taiwan),140.0
1590H008,1590,,,,,,,1590H008,,,,,,,,0,,7100.00,"LIU-CHI,PAI-HO,TAINAN",LIU-CHI,LIU-CHUNG CHI,,,,,0,,,,台南市白河區六溪里,193365.80 2579153.80,194193.41 2578946.41,,,,"0,1,2",2,,已廢,3132015RV1590H008,六溪,,,,,,,六重溪,5,,,,,0,,,,0,,5,,0,30,5,16.5,10,六溪,六重溪,23.31207914514953,120.45435393841024,71.0,16.5,Taiwan,Water Resources Agency (Taiwan),71.0
1590H009,1590,,,,,,,1590H009,,,,,,,,0,,4000.00,"LIU-CHI,PAI-HO,TAINAN",KENG-NEI,LIU-CHUNG CHI,,,,,0,,,,台南市白河區六溪里,193066.40 2581258.50,193894.02 2581051.14,,,,"0,1,2",2,,已廢,3132015RV1590H009,坑內,,,,,,,六重溪,5,,,,,0,,,,0,,5,,0,30,5,8.15,10,坑內,六重溪,23.331074540690604,120.45134875823871,40.0,8.15,Taiwan,Water Resources Agency (Taiwan),40.0
1590H010,1590,,,,,,,1590H010,,,,,,,,0,,10000.00,"LIU-CHI,PAI-HO,TAINAN",LIU-CHUNG,LIU-CHUNG CHI,,,,,0,,,,台南市白河區六溪里,195536.80 2578376.50,196364.44 2578169.11,,,,"0,1,2",2,,已廢,3132015RV1590H010,六重,,,,,,,六重溪,5,,,,,0,,,,0,,5,,0,30,5,2.88,10,六重,六重溪,23.30513257270094,120.47560789308172,100.0,2.88,Taiwan,Water Resources Agency (Taiwan),100.0
1590H011,1590,,,,,,,1590H011,,,,,,,,0,,1100.00,"TUNG-HO,TUNG-SHAN,TAINAN",CHI-PAI-YAO,KUEI-CHUNG CHI,,,,,0,,,,台南市東山區東河里,184353.20 2577622.80,185180.66 2577415.33,,,,"0,1,2",1,,已廢,3132015RV1590H011,吉貝耍,,,,,,,龜重溪,5,,,,,0,,,,0,,5,,0,30,5,86.68,10,吉貝耍,龜重溪,23.297922256143686,120.36630162574644,11.0,86.68,Taiwan,Water Resources Agency (Taiwan),11.0
1590H012,1590,,,12.5,11.0,9.5,67000010,1590H012,3,2,0,0,急水溪橋,0,1,0,0,1853.00,"Jishuixi B., Xinying Dist., Tainan City 730, Taiwan (R.O.C.)",SHIN-YING,Jishui River,1,1,1958-01-01T00:00:00,1,0,0,1,3,台南市新營區（舊急水溪橋）,178888.01 2577417.32,179715.40 2577209.81,3,0,1,"0,1,2",1,,現存,3132015RV1590H012,新營,0,0,1,1,,,急水溪,0,0,1,1,2,1,1,0,1,0,1,0,3,0,30,5,226.66,"1,6",新營,急水溪,23.29584147549701,120.31288356616437,18.53,226.66,Taiwan,Water Resources Agency (Taiwan),18.53
1630H001,1630,,,,,,,1630H001,,,,,,,,0,,40000.00,"SHA-MI-CHI,WU-FENG,CHIA-I",SHA-MI-CHI,TA-PU CHI,,,,,0,,,,嘉義縣吳鳳鄉沙米箕,215197.70 2584833.00,216025.69 2584625.84,,,,"0,1,2",2,,已廢,3132016RV1630H001,沙米箕,,,,,,,大埔溪,5,,,,,0,,,,0,,5,,0,30,6,203.89,10,沙米箕,大埔溪,23.363963202010872,120.66768666830032,400.0,203.89,Taiwan,Water Resources Agency (Taiwan),400.0
1630H002,1630,,,,,,,1630H002,,,,,,,,0,,9200.00,"CHAO-HSING,NAN-HSI,TAINAN",CHAO-HSING-3,TA-PU CHI,,,,,0,,,,台南市楠西區照興里,198598.30 2570101.30,199425.94 2569893.81,,,,"0,1,2",1,,已廢,3132016RV1630H002,照興(3),,,,,,,大埔溪,5,,,,,0,,,,0,,5,,0,30,6,496.00,10,照興(3),大埔溪,23.23050309603519,120.5058147981717,92.0,496.0,Taiwan,Water Resources Agency (Taiwan),92.0
1630H003,1630,,,,,,,1630H003,,,,,,,,0,,9000.00,"CHAO-HSING,NAN-HSI,TAINAN",CHAO-HSING-2,TA-PU CHI,,,,,0,,,,台南市楠西區照興里,197328.80 2568852.80,198156.41 2568645.28,,,,"0,1,2",2,,已廢,3132016RV1630H003,照興(2),,,,,,,大埔溪,5,,,,,0,,,,0,,5,,0,30,6,523.57,10,照興(2),大埔溪,23.2191892225516,120.49345246999003,90.0,523.57,Taiwan,Water Resources Agency (Taiwan),90.0
1630H004,1630,,,,,,,1630H004,,,,,,,,0,,9000.00,"CHAO-HSING,NAN-HSI,TAINAN",CHAO-HSING-1,TA-PU CHI,,,,,0,,,,台南市楠西區照興里,197593.90 2568218.00,198421.51 2568010.47,,,,"0,1,2",2,,已廢,3132016RV1630H004,照興(1),,,,,,,大埔溪,5,,,,,0,,,,0,,5,,0,30,6,523.57,10,照興(1),大埔溪,23.213465123200496,120.49606410668547,90.0,523.57,Taiwan,Water Resources Agency (Taiwan),90.0
1630H005,1630,163010,,45.1,44.0,,67000230,1630H005,3,2,0,0,玉井橋,0,1,1,0,5687.00,"Yutian Village,Yujing Dist., Tainan City",YU-TIEN,Houjue River,1,1,1993-01-01T00:00:00,1,0,0,1,3,臺南巿玉井區玉田里(玉井橋),193691.39 2557641.00,194518.88 2557433.28,2,0,1,"0,1,2",1,0,現存,3132016RV1630H005,玉田,0,0,1,1,,0,後堀溪,1,0,1,1,3,1,0,0,1,0,1,0,2,1,30,6,160.53,"1,6",玉田,後堀溪,23.117824799400047,120.45831996366597,56.87,160.53,Taiwan,Water Resources Agency (Taiwan),56.87
1630H010,1630,,,,,,,1630H010,,,,,,,,0,,100.00,"HSI-KANG,HSI-KANG,TAINAN",HSI-KANG,TSENG-WEN CHI,,,,,0,,,,台南市西港區西港里西港大橋,167883.40 2556605.80,168710.47 2556397.90,,,,"0,1,2",1,,已廢,3132016RV1630H010,西港,,,,,,,曾文溪,5,,,,,0,,,,0,,5,,0,30,6,1157.46,10,西港,曾文溪,23.107409316497044,120.20641481832331,1.0,1157.46,Taiwan,Water Resources Agency (Taiwan),1.0
1630H012,1630,,,,,,,1630H012,,,,,,,,0,,13000.00,"HSI-HSING,TA-PU,CHIA-I",SHIH-KUNG,DA-PU CHI,,,,,0,,,,嘉義縣大埔鄉西興村,199890.50 2570964.80,200718.16 2570757.33,,,,"0,1,2",2,,已廢,3132016RV1630H012,石公,,,,,,,大埔溪,5,,,,,0,,,,0,,5,,0,30,6,443.00,10,石公,大埔溪,23.238340001499264,120.51841341757924,130.0,443.0,Taiwan,Water Resources Agency (Taiwan),130.0
1630H013,1630,163020,,25.8,24.1,,67000260,1630H013,0,2,0,0,平和橋,0,1,0,0,3007.00,"Guanghe Village,Zuozhen Dist., Tainan City",TSO-CHEN,Cailiao River,1,1,1991-01-01T00:00:00,1,0,0,1,3,臺南巿左鎮區光和里(平和橋),185724.89 2552024.00,186552.22 2551816.14,2,0,1,"0,1,2",1,0,現存,3132016RV1630H013,左鎮,0,0,1,1,,0,菜寮溪,1,0,1,1,1,0,0,0,1,0,1,0,2,0,30,6,121.31,"1,6",左鎮,菜寮溪,23.066815241107054,120.38077465255168,30.07,121.31,Taiwan,Water Resources Agency (Taiwan),30.07
1630H016,1630,,,,,,,1630H016,,,,,,,,0,,100.00,"MA-SHAN BRIDGE,MA-TOU,TAINAN",MA-SHAN BRIDGE,TSENG-WEN CHI,,,,,0,,,,台南市麻豆區龍泉里,173468.90 2563653.80,174296.11 2563446.04,,,,"0,1,2",1,,已廢,3132016RV1630H016,麻善大橋,,,,,,,曾文溪,5,,,,,0,,,,0,,5,,0,30,6,1115.9,10,麻善大橋,曾文溪,23.171317532758913,120.26059178708924,1.0,1115.9,Taiwan,Water Resources Agency (Taiwan),1.0
1630H018,1630,,,20.9,19.4,,67000110,1630H018,2,2,0,0,二溪大橋,0,1,1,0,2785.00,"Neiguo Village,Danei Dist., Tainan City",ERH-CHI BRIDGE,Zengwen River,1,1,2001-01-01T00:00:00,1,0,0,1,3,臺南巿大內區內郭里,186113.86 2557426.45,186941.23 2557218.68,2,0,1,"0,1,2",1,,現存,3132016RV1630H018,二溪大橋,0,0,1,1,,,曾文溪,1,0,1,1,3,0,0,0,1,0,1,0,2,0,30,6,825.05,"1,6",二溪大橋,曾文溪,23.115615596647093,120.384348867635,27.85,825.05,Taiwan,Water Resources Agency (Taiwan),27.85
1630H020,1630,,,44.6,42.8,,67000230,1630H020,2,2,0,0,玉豐大橋,0,1,1,0,5059.00,"Fengli Village,Yujing Dist., Tainan City",YU_FONG BRIDGE,Zengwen River,1,1,2004-01-01T00:00:00,1,0,0,1,3,臺南巿玉井區豐里里,193057.34 2558253.85,193884.82 2558046.14,2,0,1,"0,1,2",,,現存,3132016RV1630H020,玉豐大橋,0,0,1,1,,,曾文溪,1,0,1,1,3,1,0,0,1,0,1,0,2,0,30,6,629.73,"1,6",玉豐大橋,曾文溪,23.123337662939935,120.45210718170104,50.59,629.73,Taiwan,Water Resources Agency (Taiwan),50.59
1630H025,1630,,,14.7,13.7,,67000190,1630H025,0,2,0,1,曾文溪橋,0,1,1,0,2234.3,"DongChang Vil., Shanhua Dist., Tainan City 741, Taiwan (R.O.C.)",XIN-ZHONG (1),Zengwen River,1,1,2011-04-29T00:00:00,1,0,1,1,0,台南市善化區東昌里,181373.11 2561854.98,182200.44 2561647.25,2,0,1,"0,1,2",,,現存,3132016RV1630H025,新中(1),0,0,1,1,,,曾文溪,0,0,2,1,0,1,0,0,1,0,1,0,2,1,30,6,,"1,6",新中(1),曾文溪,23.155418096256174,120.33786989259772,2234.3,,Taiwan,Water Resources Agency (Taiwan),2234.3
1650H006,1650,,,8.3,7.3,,67000310,1650H006,3,2,0,0,豐化橋,0,1,0,0,1322.00,"Sanmin Village,Yongkang Dist., Tainan City",HSIN-SHIH,Yanshui River,1,1,1991-01-01T00:00:00,1,0,0,1,3,臺南巿永康區三民里(豐化橋),175074.29 2551130.00,175901.45 2550922.06,2,0,1,"0,1,2,4",1,,現存,3132016RV1650H006,新市,0,0,1,1,,,鹽水溪,1,0,1,1,2,0,0,0,1,0,1,1,2,1,30,6,146.46,"1,6",新市,鹽水溪,23.058300298261003,120.27687640597935,13.22,146.46,Taiwan,Water Resources Agency (Taiwan),13.22
1660H001,1660,,,,,,,1660H001,,,,,,,,0,,600.00,"NAN-AN,TIEN-LIAO,KAOHSIUNG",KANG-SHAN-TOU,ERH-JEN CHI,,,,,0,,,,高雄市田寮區南安里,183706.50 2531026.80,184533.65 2530818.60,,,,"0,1,2",1,,已廢,3132016RV1660H001,崗山頭,,,,,,,二仁溪,5,,,,,0,,,,0,,5,,0,30,6,139.3,10,崗山頭,二仁溪,22.877124726280265,120.36196576104626,6.0,139.3,Taiwan,Water Resources Agency (Taiwan),6.0
1660H008,1660,,,,,,,1660H008,,,,,,,,0,,500.00,"KUEI-TUNG,KUAN-MIAO,TAINAN",TA-LING,SHEN-KENG-ZI CHI,,,,,0,,,,台南市關廟區龜洞里,180154.20 2534003.00,180981.32 2533794.83,,,,"0,1,2",2,,已廢,3132016RV1660H008,大苓,,,,,,,深坑子溪,5,,,,,0,,,,0,,5,,0,30,6,30.2,10,大苓,深坑子溪,22.903858140819455,120.32721410556063,5.0,30.2,Taiwan,Water Resources Agency (Taiwan),5.0
1660H009,1660,,,13.5,11.0,,64000230,1660H009,2,1,0,0,南雄橋,0,1,1,0,1813.00,"Alian Village,Alian Dist., Gaoxiong City",NAN-XIONG BRIDGE　(A　LIAN　(2)),Erren River,1,1,1991-01-01T00:00:00,1,0,0,1,2,高雄巿阿蓮區阿蓮里,181273.46 2532394.11,182100.59 2532185.92,2,0,1,"0,1,2,4",1,,現存,3132016RV1660H009,南雄橋(阿蓮(2)),0,0,1,1,,,二仁溪,1,0,1,1,1,1,0,0,1,0,1,0,2,0,30,6,175.1,"1,6",南雄橋(阿蓮(2)),二仁溪,22.889375100113007,120.33819453223143,18.13,175.1,Taiwan,Water Resources Agency (Taiwan),18.13
1660H010,1660,,,16.4,14.4,,64000220,1660H010,0,1,0,0,崇德橋,0,1,1,0,1393.00,"Xide Village,Tianliao Dist., Gaoxiong City",CHUNG-TE BRIDGE,Erren River,1,1,1991-01-01T00:00:00,1,0,0,1,3,高雄巿田寮區西德里,183721.84 2530866.34,184549.00 2530658.14,2,0,1,"0,1,2",1,,現存,3132016RV1660H010,崇德橋,0,0,1,1,,,二仁溪,1,0,1,1,1,1,0,0,1,0,1,0,2,0,30,6,139.62,"1,6",崇德橋,二仁溪,22.875676321956238,120.36212212294993,13.93,139.62,Taiwan,Water Resources Agency (Taiwan),13.93
1730H022,1730,,,,,,,1730H022,,,,,,,,0,,8700.00,CHI-SAN C. KAOHSIUNG,YUEH-MEI,CHI-SAN CHI,,,,,0,,,,高雄市旗山區月眉寮,200337.30 2540378.30,201164.77 2540170.36,,,,"0,1,2",1,,已廢,3132017RV1730H022,月眉,,,,,,,旗山溪,5,,,,,0,,,,0,,5,,0,30,7,539.52,10,月眉,旗山溪,22.962143548909005,120.52375236969473,87.0,539.52,Taiwan,Water Resources Agency (Taiwan),87.0
1730H026,1730,,,,,,,1730H026,,,,,,,,0,,1600.00,"TA-SHU,KAOHSIUNG",KAOPING BRIDGE,KAO-PING CHI,,,,,0,,,,高雄市大樹區高屏大橋,191541.90 2505928.00,192369.01 2505719.47,,,,"0,1,2",1,,已廢,3132017RV1730H026,九曲堂(高,,,,,,,高屏溪,5,,,,,0,,,,0,,5,,0,30,7,3075.66,10,九曲堂(高,高屏溪,22.650753287943694,120.43925240285344,16.0,3075.66,Taiwan,Water Resources Agency (Taiwan),16.0
1730H031,1730,173010,,,,,,1730H031,,,,,,,,0,,29500.00,"LIU-KWEI,KAOHSIUNG",LAO-NUNG,KAO-PING CHI,,,1955-04-01T01:00:00,,0,,,,高雄市六龜區新發大橋,215269.80 2549904.00,216097.56 2549696.30,,,,"0,1,2",1,,已廢,3132017RV1730H031,荖濃(新發大橋),,,,,因莫拉克颱風沖毀，將於獅額頭橋辦理復站,,高屏溪,5,,,,,0,,,,0,,5,,0,30,7,812.03,10,荖濃(新發大橋),高屏溪,23.048538747609292,120.6691669940272,295.0,812.03,Taiwan,Water Resources Agency (Taiwan),295.0
1730H036,1730,173020,,112.3,111.1,109.0,10013260,1730H036,3,1,0,0,三地門大橋,4,1,0,0,11729.3,"Shuimen Village, Nenpu Township, Pingtung County, Taiwan(R.O.C.)",SAN-TI-MEN,Ailiao River,1,1,1960-01-01T00:00:00,1,0,0,1,3,屏東縣內埔鄉水門村,212804.59 2512695.77,213632.08 2512487.48,2,0,1,"0,1,2,4",1,,現存,3132017RV1730H036,三地門,1,0,1,1,,,隘寮溪,2,0,1,1,3,1,0,0,1,0,1,1,2,1,30,7,408.51,"1,6",三地門,隘寮溪,22.71246493063332,120.64598053539417,11729.3,408.51,Taiwan,Water Resources Agency (Taiwan),11729.3
1730H037,1730,,,,,,,1730H037,,,,,,,,0,,48300.00,"MIN-CHO,SAN-MIN,KAOHSIUNG",MIN-CHO,CHI-SAN CHI,,,,,0,,,,高雄市三民區民族里,216972.90 2567583.00,217800.80 2567375.59,,,,"0,1,2",1,,已廢,3132017RV1730H037,民族,,,,,,,旗山溪,5,,,,,0,,,,0,,5,,0,30,7,303.63,10,民族,旗山溪,23.208224653911916,120.6854155983953,483.0,303.63,Taiwan,Water Resources Agency (Taiwan),483.0
1730H038,1730,,,,,,,1730H038,,,,,,,,0,,73500.00,"TAO-YUAN,KAOHSIUNG",MEI-SHAN,LAO-NUNG CHI,,,,,0,,,,高雄市桃源區安定橋,231185.80 2574535.30,232013.97 2574328.09,,,,"0,1,2",1,,已廢,3132017RV1730H038,梅山,,,,,,,荖濃溪,5,,,,,0,,,,0,,5,,0,30,7,391.7,10,梅山,荖濃溪,23.271225067239573,120.82419453838527,735.0,391.7,Taiwan,Water Resources Agency (Taiwan),735.0
1730H039,1730,173010,,,,,,1730H039,,,,,,,,0,,22900.00,"LIUKWEI TACHOU,LIU KWEI H.",LIU-KWEI,LAO-NUNG CHI,,,1982-01-01T00:00:00,,0,,,,高雄市六龜區六龜大橋,212084.40 2544033.00,212912.08 2543825.19,,,,"0,1,2",1,,已廢,3132017RV1730H039,六龜,,,,,莫拉克颱風沖毀六龜大橋，自98.9.16停測，改遷東溪大橋,,荖濃溪,5,,,,,0,,,,0,,5,,0,30,7,853.00,10,六龜,荖濃溪,22.995451420927086,120.63822379368872,229.0,853.0,Taiwan,Water Resources Agency (Taiwan),229.0
1730H040,1730,,,,,,,1730H040,,,,,,,,0,,53800.00,MING-CHENG T. KAOSHUNG,MING-CHENG,CHI-SAN CHI,,,,,0,,,,高雄市三民區民權里,217938.90 2571189.50,218766.84 2570982.15,,,,"0,1,2",1,,已廢,3132017RV1730H040,民權,,,,,,,旗山溪,5,,,,,0,,,,0,,5,,0,30,7,281.83,10,民權,旗山溪,23.240811750122926,120.69477963190722,538.0,281.83,Taiwan,Water Resources Agency (Taiwan),538.0
1730H041,1730,,,,,,,1730H041,,,,,,,,0,,14000.00,KAO-SHI H. PING-TUNG H.,TA-CHIN-CHIOU,CHO-KOU CHI,,,,,0,,,,屏東縣高樹鄉新豐村,213070.00 2531262.00,213897.61 2531054.00,,,,"0,1,2",1,,已廢,3132017RV1730H041,大津橋,,,,,,,濁口溪,5,,,,,0,,,,0,,5,,0,30,7,375.08,10,大津橋,濁口溪,22.88014110916518,120.64813522491468,140.0,375.08,Taiwan,Water Resources Agency (Taiwan),140.0
1730H042,1730,,,,,,,1730H042,,,,,,,,0,,11700.00,"SHAN-LIN,KAOHSIUNG",SAN-LIN BRIDGE,CHI-SAN CHI,,,,,0,,,,高雄市杉林區杉林大橋,204900.00 2544741.00,205727.57 2544533.15,,,,"0,1,2",1,,已廢,3132017RV1730H042,杉林大橋,,,,,因杉林大橋改建，自96.1.1遷移至杉林大橋觀測,,旗山溪,5,,,,,0,,,,0,,5,,0,30,7,519.49,10,杉林大橋,旗山溪,23.00166909884902,120.56812315967254,117.0,519.49,Taiwan,Water Resources Agency (Taiwan),117.0
1730H043,1730,,,32.0,30.7,30.0,64000150,1730H043,1,1,0,0,里嶺大橋,0,1,0,0,3835.00,"Zhongling Village, Dashu District, Kaohsiung City, Taiwan(R.O.C.)",LI-LIN BRIDGE,Gaoping River,1,1,1991-01-01T00:00:00,1,1,0,1,0,高雄市大樹區鐘鈴里,192838.77 2519237.32,193666.00 2519029.00,2,0,1,"0,1,2",1,,現存,3132017RV1730H043,里嶺大橋,0,0,1,1,,,高屏溪,2,0,2,1,1,1,0,1,1,0,1,0,2,1,30,7,2894.79,"1,6",里嶺大橋,高屏溪,22.770990634040732,120.4513928933888,38.35,2894.79,Taiwan,Water Resources Agency (Taiwan),38.35
1730H044,1730,,,,,,,1730H044,,,,,,,,0,,70767.00,"TAO-YUAN,KAOHSIUNG",A-CHYI-BA BRIDGE,LAO-NUNG CHI,,,1994-01-01T00:00:00,,0,,,,高雄市桃源區樟山里,230476.80 2572414.00,231304.95 2572206.75,,,,"0,1,2",1,,已廢,3132017RV1730H044,阿其巴橋,,,,,受莫拉克颱風沖毀及影響，當地受創淤積嚴重，無適合重設之處,,荖濃溪,5,,,,,0,,,,0,,5,,0,30,7,403.9,10,阿其巴橋,荖濃溪,23.25206062217396,120.8172903228807,707.67,403.9,Taiwan,Water Resources Agency (Taiwan),707.67
1730H046,1730,,,,,,,1730H046,,,,,,,,0,,,"CHIA-HSIEN,KAOHSIUNG",NAN-FENG BRIDGE,CHI-SAN CHI,,,1997-01-01T00:00:00,,0,,,,高雄市甲仙區小林里,212678.60 2562916.00,213506.41 2562708.49,,,,"0,1,2",,,已廢,3132017RV1730H046,楠峰橋,,,,,莫拉克颱風期間已遭到沖毀,,旗山溪,5,,,,,0,,,,0,,5,,0,30,7,354.28,10,楠峰橋,旗山溪,23.16598961643426,120.64357192092615,,354.28,Taiwan,Water Resources Agency (Taiwan),
1730H049,1730,,,,,,,1730H049,,,,,,,,0,,14000.00,KAO-SHI H. PING-TUNG H.,TA-CHIN-CHIOU,CHO-KOU CHI,,,,,0,,,,屏東縣高樹鄉新豐村,213070.00 2531261.60,213897.61 2531053.60,,,,"0,1,2",1,,已廢,3132017RV1730H049,大津橋(高樹圳),,,,,,,濁口溪,5,,,,,0,,,,0,,5,,0,30,7,375.08,10,大津橋(高樹圳),濁口溪,22.880137496884334,120.64813523422328,140.0,375.08,Taiwan,Water Resources Agency (Taiwan),140.0
1730H050,1730,,,,,,,1730H050,,,,,,,,0,,10500.00,"NEN-PU,PINGTUNG",SAN-TI-MEN,YAI-LIAO CHI,,,,,0,,,,屏東縣內埔鄉水門村,212975.30 2512662.70,213802.78 2512454.41,,,,"0,1,2",1,,已廢,3132017RV1730H050,三地門(水門),,,,,,,隘寮溪,5,,,,,0,,,,0,,5,,0,30,7,408.51,10,三地門(水門),隘寮溪,22.71216994816311,120.64764293566849,105.0,408.51,Taiwan,Water Resources Agency (Taiwan),105.0
1730H056,1730,,,,,,,1730H056,,,,,,,,0,,,,YUEHMEI BRIDGE,CHI-SHAN CHI,,,,,0,,,,,201155.40 2540062.00,201982.88 2539854.06,,,,"0,1,2",1,,已廢,3132017RV1730H056,月眉大橋,,,,,原杉林大橋，因橋樑改自96.1.1遷移至月眉大橋，97.7.1再遷回,,旗山溪,5,,,,,0,,,,0,,5,,0,30,7,5.4,10,月眉大橋,旗山溪,22.95931096550322,120.53174031364932,,5.4,Taiwan,Water Resources Agency (Taiwan),
1730H058,1730,173030,,124.0,122.9,,64000340,1730H058,0,2,0,0,杉林大橋(2),0,1,1,0,13060.00,"Shanlin Bridge, Shanlin District, Kaohsiung City, Taiwan(R.O.C)",SHAN-LIN BRIDGE 2,Qishan River,1,1,1987-01-01T00:00:00,1,1,0,1,2,高雄市杉林區杉林大橋,203140.46 2543494.87,203968.00 2543287.00,2,0,1,"0,1,2",1,0,現存,3132017RV1730H058,杉林大橋(2),0,0,1,1,,0,旗山溪,2,0,2,1,2,1,0,1,1,0,1,0,2,1,30,7,519.49,"1,6",杉林大橋(2),旗山溪,22.990368054960253,120.55099619767721,130.6,519.49,Taiwan,Water Resources Agency (Taiwan),130.6
1730H060,1730,173010,,,,,,1730H060,3,3,0,0,東溪大橋,4,1,0,0,266.6,"Dong-Si Bridge, Liugui District, Kaohsiung City, Taiwan(R.O.C.)",,Laonong River,1,1,2009-09-16T00:00:00,1,0,0,1,3,高雄市六龜區東溪大橋,213715.80 2545303.00,214543.51 2545095.22,3,0,2,"0,1,2",,0,已廢,3132017RV1730H060,東溪大橋,1,0,1,1,因六龜大橋重建，原測站先改遷移至上游東溪大橋,0,荖濃溪,2,1,1,0,3,1,0,0,1,0,1,1,3,1,30,7,,"0,1",東溪大橋,荖濃溪,23.006956058241464,120.65410821679343,266.6,,Taiwan,Water Resources Agency (Taiwan),266.6
1730H069,1730,173010,173011,144.9,143.9,,10013110,1730H069,0,2,0,0,大津橋,0,0,0,0,,"Liugui District, Kaohsiung City, Taiwan(R.O.C.)",DA-JIN BRIDGE(1),Zhuokou River,1,1,2010-01-01T00:00:00,0,0,0,0,0,屏東縣高樹鄉,212984.38 2531258.00,213812.00 2531050.00,2,0,0,"0,1,2",,,現存,3132017RV1730H069,大津橋(1),0,0,1,1,,,濁口溪,0,0,0,1,0,0,0,0,0,0,1,0,2,1,30,7,,"1,6",大津橋(1),濁口溪,22.880103138152336,120.64730094952535,,,Taiwan,Water Resources Agency (Taiwan),
1730H070,1730,173010,,238.2,235.9,,64000320,1730H070,0,3,0,0,六龜大橋,0,0,0,0,,"Liugui District, Kaohsiung City, Taiwan(R.O.C.)",LIU-GUI(1),Laonong River,1,1,2010-01-01T00:00:00,0,0,0,0,0,高雄市六龜區,212215.31 2544070.81,213043.00 2543863.00,2,0,1,"0,1,2,4",,,現存,3132017RV1730H070,六龜(1),0,0,1,1,,,荖濃溪,0,1,0,1,0,0,0,0,0,0,1,0,2,1,30,7,,"1,6",六龜(1),荖濃溪,22.99579577769704,120.63949993410978,,,Taiwan,Water Resources Agency (Taiwan),
1740H002,1740,,,11.6,10.7,8.9,10013120,1740H002,2,1,0,0,新潮州大橋,0,1,0,0,1777.00,"New Chaozhou Bridge, Chaozhou Township, Pingtung County, Taiwan(R.O.C.)",CHAO-CHOU,Donggang River,1,1,1965-01-01T00:00:00,1,1,0,1,2,屏東縣潮州鎮新潮州大橋,202266.39 2496758.86,203093.62 2496550.26,2,0,1,"0,1,2",1,,現存,3132017RV1740H002,潮州,0,0,1,1,,,東港溪,2,0,2,1,1,1,1,1,1,0,1,0,2,0,30,7,175.3,"1,6",潮州,東港溪,22.568278237468263,120.54387271634435,17.77,175.3,Taiwan,Water Resources Agency (Taiwan),17.77
1760H004,1760,,,,,,10013150,1760H004,2,2,0,0,新埤,0,1,0,0,1773.4,"Xinpi Township, Pingtung County, Taiwan(R.O.C.)",HSIN-PEI,Linbian River,1,0,1991-01-01T00:00:00,1,1,0,1,2,屏東縣新埤鄉新埤大橋,202878.90 2484988.00,203706.05 2484779.22,2,0,1,"0,1,2",1,0,已廢,3132017RV1760H004,新埤,0,0,1,1,,0,林邊溪,2,0,2,0,1,1,1,1,1,0,1,4,2,0,30,7,309.86,"0,1",新埤,林邊溪,22.461990704367402,120.5501720881415,1773.4,309.86,Taiwan,Water Resources Agency (Taiwan),1773.4
1790H001,1790,,,,,,,1790H001,,,,,,,,0,,42400.00,"CHUN-RI,PINTUNG",SHI-WEN BRIDGE,SHI-WEN CHI,,,,,0,,,,屏東縣春日鄉古華村,212301.00 2473173.00,213128.22 2472964.09,,,,"0,1,2",1,,已廢,3132017RV1790H001,士文橋,,,,,,,士文溪,5,,,,,0,,,,0,,5,,0,30,7,66.47,10,士文橋,士文溪,22.35551486564806,120.64199710848108,424.0,66.47,Taiwan,Water Resources Agency (Taiwan),424.0
1850H004,1850,,,79.3,77.7,,10013330,1850H004,2,3,0,0,石門橋,0,1,0,0,8525.00,"Mudan Township, Pingtung County, Taiwan(R.O.C.)",SHIH-MEN BRIDGE,Sizhong River,1,1,2000-09-26T00:00:00,1,1,0,1,2,屏東縣牡丹鄉石門橋,226251.72 2447899.20,227079.00 2447690.00,2,0,0,"0,1,2",1,,現存,3132017RV1850H004,石門橋,0,0,1,1,,,四重溪,2,0,2,1,1,1,0,1,1,0,1,0,2,1,30,7,79.37,1,石門橋,四重溪,22.127494166170518,120.77781000926046,85.25,79.37,Taiwan,Water Resources Agency (Taiwan),85.25
2170H001,2170,,,,,,10014040,2170H001,2,1,1,0,溫泉橋,0,1,0,0,6142.00,"Wenquan Village,Beinan Township,Taitung County .",CHIH-PEN,Zhiben River,1,1,1947-01-01T00:00:00,1,0,0,1,3,台東縣卑南鄉溫泉村,251423.70 2510676.00,252251.77 2510467.93,2,0,1,"0,1,2",1,0,已廢,3132018RV2170H001,知本(3),0,0,7,3,,0,知本溪,1,0,1,1,2,1,0,0,1,0,1,0,2,1,40,8,165.96,"0,1",知本(3),知本溪,22.694616507468396,121.02191686197693,61.42,165.96,Taiwan,Water Resources Agency (Taiwan),61.42
2180H002,2180,,,,,,10014040,2180H002,2,1,1,0,新園橋,0,1,0,0,11723.00,"Danan Village,Beinan Township,Taitung County .",LI-CHIA,Lijia River,1,1,1941-01-01T00:00:00,1,0,0,1,3,台東縣卑南鄉大南村,254243.60 2518141.00,255071.76 2517933.06,2,0,1,"0,1,2",1,0,已廢,3132018RV2180H002,利嘉(2),0,0,7,3,,0,利嘉溪,1,0,1,1,2,1,0,1,1,0,1,0,2,1,40,8,148.62,"0,1",利嘉(2),利嘉溪,22.762028295937064,121.04938849914187,117.23,148.62,Taiwan,Water Resources Agency (Taiwan),117.23
2200H007,2200,220030,,163.6,161.5,,10014050,2200H007,2,1,0,0,舊鹿鳴橋,0,1,0,0,17099.00,"Luye Village,Luye Township,Taitung County .",YEN-PING,Luye River,1,1,1955-01-01T00:00:00,1,1,0,1,3,台東縣鹿野鄉鹿野村,257907.09 2533252.09,258735.42 2533044.41,3,0,1,"0,1,2",1,,現存,3132018RV2200H007,延平,0,0,1,1,,,鹿野溪,1,0,1,1,2,1,0,0,1,0,1,0,3,0,40,8,1028.68,"1,6",延平,鹿野溪,22.89848266532921,121.0851498324502,170.99,1028.68,Taiwan,Water Resources Agency (Taiwan),170.99
2200H011,2200,,,31.4,29.9,27.9,10014040,2200H011,2,1,0,0,台東大橋,0,1,0,0,3845.00,"Fuyuan Village,Beinan Township,Taitung County .",TAI-TUNG BRIDGE,Beinan River,1,1,1948-01-01T00:00:00,1,1,0,1,3,台東縣卑南鄉富源村,263926.01 2521445.78,264754.35 2521237.96,3,0,0,"0,1,2",1,,現存,3132018RV2200H011,台東大橋,0,0,1,1,,,卑南溪,3,0,1,1,2,0,0,0,1,0,1,0,3,0,40,8,1584.29,"1,6",台東大橋,卑南溪,22.791817720173626,121.14370808542692,38.45,1584.29,Taiwan,Water Resources Agency (Taiwan),38.45
2200H019,2200,,,,,,,2200H019,,,,,,,,0,,21100.00,"HONG-YEH,YEN-PING,TAITUNG",SHANG-LI-2,LU-YEH CHI,,,,,0,,,,台東縣延平鄉紅葉村,255231.10 2530899.30,256059.36 2530691.57,,,,"0,1,2",1,,已廢,3132018RV2200H019,上里(2),,,,,,,鹿野溪,5,,,,,0,,,,0,,5,,0,40,8,440.01,10,上里(2),鹿野溪,22.877246331805413,121.05905535053807,211.0,440.01,Taiwan,Water Resources Agency (Taiwan),211.0
2200H020,2200,,,320.6,319.9,319.0,10014120,2200H020,2,3,0,0,初來橋,0,1,0,0,33028.00,"Chulai Village,Haiduan Township,Taitung County .",HSIN-WU-LU,XinwuLu River,1,1,1978-01-01T00:00:00,1,1,0,1,3,台東縣海端鄉初來村,266583.41 2558455.23,267412.04 2558248.00,3,0,1,"0,1,2",1,,現存,3132018RV2200H020,新武呂(4),0,0,1,1,,,卑南溪,1,0,2,1,2,1,0,0,1,0,1,0,3,0,40,8,1584.29,"1,6",新武呂(4),卑南溪,23.12602048409628,121.17001126702709,330.28,1584.29,Taiwan,Water Resources Agency (Taiwan),330.28
2200H022,2200,,,163.5,162.4,,10014050,2200H022,2,3,0,0,寶華橋,0,1,1,0,16876.00,"Ruiyuan Village,Luye Township,Taitung County .",JUI-YUAN,Beinan River,1,1,2000-01-01T00:00:00,1,1,0,1,3,臺東縣鹿野鄉瑞源村寶華大橋,266235.69 2541723.99,267064.20 2541516.50,3,0,1,"0,1,2",1,,現存,3132018RV2200H022,瑞源,0,0,1,1,,,卑南溪,3,0,1,1,2,1,0,0,1,0,1,0,3,0,40,8,1584.29,"1,6",瑞源,卑南溪,22.974927938865896,121.1664291654484,168.76,1584.29,Taiwan,Water Resources Agency (Taiwan),168.76
2370H004,2370,237020,,200.0,197.8,,10015130,2370H004,1,3,0,0,卓樂橋,2,1,0,0,20419.00,"Zhuoxi Township, Hualien County",CHO-LU,Lele River,1,1,1985-01-01T00:00:00,1,1,0,1,1,花蓮縣卓溪鄉卓鹿,276115.71 2577365.17,276944.61 2577158.30,2,0,0,"0,1,2",1,1,現存,3132019RV2370H004,卓樂橋(卓麓(1)),1,0,1,1,,0,樂樂溪,0,0,2,1,0,0,0,0,1,0,1,0,2,1,40,9,456.32,"1,6",卓樂橋(卓麓(1)),樂樂溪,23.29666026188571,121.26342128398385,204.19,456.32,Taiwan,Water Resources Agency (Taiwan),204.19
2370H011,2370,,,,,,,2370H011,,,,,,,,0,,16800.00,"FUYUAN,JUI-SUI,HUALIEN",FU-YUAN,FU-YUAN CHI,,,,,0,,,,花蓮縣瑞穗鄉富源村,286790.78 2608801.54,287620.05 2608595.22,,,,"0,1,2",2,,已廢,3132019RV2370H011,富源,,,,,,,富源溪,5,,,,,0,,,,0,,5,,0,40,9,83.12,10,富源,富源溪,23.58032708750038,121.36857362331939,168.0,83.12,Taiwan,Water Resources Agency (Taiwan),168.0
2370H016,2370,237040,,173.0,171.6,,10015130,2370H016,1,3,0,0,立山橋,2,1,0,0,17835.00,"Lishan Vil., Zhuoxi Township, Hualien County",LI-SHAN,Fengping River,1,1,1958-09-01T00:00:00,1,1,0,1,1,花蓮縣卓溪鄉立山村,280960.18 2591852.00,281789.25 2591645.38,2,0,1,"0,1,2",1,,現存,3132019RV2370H016,立山,1,0,1,1,,,豐坪溪,2,0,1,1,1,1,0,0,1,0,1,0,2,0,40,9,249.4,"1,6",立山,豐坪溪,23.427394621324336,121.31108885807136,178.35,249.4,Taiwan,Water Resources Agency (Taiwan),178.35
2370H017,2370,,,71.7,70.2,,10015010,2370H017,1,3,0,0,瑞穗大橋,2,1,0,0,7778.00,"Dewu Vil., Yuli Township, Hualien County",JUI-SUI BRIDGE,Xiuguluan River,1,1,1969-07-01T00:00:00,1,0,0,1,1,花蓮縣玉里鎮德武里,290406.85 2598376.15,291236.10 2598169.70,2,0,0,"0,1,2",1,,現存,3132019RV2370H017,瑞穗大橋,1,0,1,1,,,秀姑巒溪,2,0,1,1,1,1,0,0,1,0,1,0,2,0,40,9,1538.81,"1,6",瑞穗大橋,秀姑巒溪,23.486097635024503,121.40371301051611,77.78,1538.81,Taiwan,Water Resources Agency (Taiwan),77.78
2370H018,2370,,,130.1,129.6,,10015030,2370H018,1,3,0,0,玉里大橋,2,1,0,0,20633.00,"Zhongcheng Vil., Yuli Township, Hualien County",YU-LI BRIDGE,Xiuguluan River,1,1,1980-01-01T00:00:00,1,1,0,1,1,花蓮縣玉里鎮中城里,282943.56 2580260.26,283772.58 2580053.48,2,0,0,"0,1,2",1,0,現存,3132019RV2370H018,玉里大橋,1,0,1,1,,,秀姑巒溪,2,0,1,1,1,1,0,0,1,0,1,0,2,1,40,9,1008.42,"1,6",玉里大橋,秀姑巒溪,23.322678088085205,121.33023803223197,206.33,1008.42,Taiwan,Water Resources Agency (Taiwan),206.33
2370H019,2370,237060,,164.7,163.7,,10015120,2370H019,1,3,0,0,馬遠橋,2,1,0,0,16853.00,"Mayuan Vil., Wanrong Township, Hualien County",MA-YEUAN BRIDGE,Fuyuan River,1,1,1980-01-01T00:00:00,1,0,0,1,1,花蓮縣萬榮鄉馬遠村,286574.33 2607858.41,287403.59 2607652.08,2,0,1,"0,1,2",1,,現存,3132019RV2370H019,馬遠橋,1,0,1,1,,,富源溪,4,0,1,1,1,1,0,0,1,0,1,0,2,1,40,9,85.94,"1,6",馬遠橋,富源溪,23.57181565396079,121.36642930512927,168.53,85.94,Taiwan,Water Resources Agency (Taiwan),168.53
2370H024,2370,,,198.7,197.9,,10015100,2370H024,1,3,0,0,崙天大橋,2,1,0,0,20300.00,"Fuli Township, Hualien County",LUN TIAN BRIDGE,Xiuguluan River,1,1,2001-01-01T00:00:00,1,0,0,1,1,花蓮縣富里鄉,276925.67 2568600.96,277754.52 2568393.96,2,0,1,"0,1,2",1,,現存,3132019RV2370H024,崙天大橋,1,0,1,1,,,秀姑巒溪,2,0,2,1,1,1,0,0,1,0,1,0,2,1,40,9,191.05,1,崙天大橋,秀姑巒溪,23.217501784840564,121.27117909085689,203.0,191.05,Taiwan,Water Resources Agency (Taiwan),203.0
2370H028,2370,,,215.3,214.5,,10015100,2370H028,2,0,0,0,0,0,1,0,0,218.2,0,MING-LI BRIDGE,Xiuguluan River,1,1,2022-10-21T00:00:00,1,0,0,1,2,0,274725.92 2565363.48,275566.24 2565154.55,3,0,2,"0,1,2",,,現存,3132019RV2370H028,明里大橋,1,0,1,1,,,秀姑巒溪,1,1,1,1,2,0,0,0,1,0,1,0,0,0,40,9,146.68,"1,6",明里大橋,秀姑巒溪,23.188283974106728,121.2497440292525,218.2,146.68,Taiwan,Water Resources Agency (Taiwan),218.2
2420H004,2420,,,,,,,2420H004,,,,,,,,0,,16300.00,"WAN-LUNG,WAN-LUNG,HUALIEN",WAN-LI-BRIDGE-2,WAN-LI CHI,,,,,0,,,,花蓮縣萬榮鄉萬榮村,288427.00 2624374.50,289256.38 2624168.43,,,,"0,1,2",1,,已廢,3132019RV2420H004,萬里橋(2),,,,,,,萬里溪,5,,,,,0,,,,0,,5,,0,40,9,232.61,10,萬里橋(2),萬里溪,23.72091093923125,121.38501620355215,163.0,232.61,Taiwan,Water Resources Agency (Taiwan),163.0
2420H016,2420,,,,,,,2420H016,,,,,,,,0,,2000.00,"NAN-PU,CHI-AN,HUALIEN",YUEH-MEI,HUA-LIEN CHI,,,,,0,,,,花蓮縣吉安鄉南埔,309913.80 2646614.30,310743.66 2646408.72,,,,"0,1,2",2,,已廢,3132019RV2420H016,月眉,,,,,,,花蓮溪,5,,,,,0,,,,0,,5,,0,40,9,1506.56,10,月眉,花蓮溪,23.921057103895937,121.59666787517592,20.0,1506.56,Taiwan,Water Resources Agency (Taiwan),20.0
2420H018,2420,242040,,161.4,160.6,,10015060,2420H018,1,2,0,0,豐坪橋,2,1,0,0,16569.00,"Xikou Vil., Shoufeng Township, Hualien County",PING-LIN,Shoufeng River,1,1,1959-11-01T00:00:00,1,0,0,1,1,花蓮縣壽豐鄉溪口村,295198.04 2634454.58,296027.60 2634248.72,2,0,1,"0,1,2",1,,現存,3132019RV2420H018,平林,1,0,1,1,,,壽豐溪,2,0,1,1,1,1,0,0,1,0,1,0,2,1,40,9,213.64,"1,6",平林,壽豐溪,23.811752091551458,121.45173918978897,165.69,213.64,Taiwan,Water Resources Agency (Taiwan),165.69
2420H019,2420,242050,,124.9,122.9,,10015110,2420H019,1,2,0,0,仁壽橋,2,1,0,0,13049.00,"Tongmen Vil., Xiulin Township, Hualien County",JEN-SHOU BRIDGE,Mugua River,1,1,1960-01-01T00:00:00,1,1,0,1,1,花蓮縣秀林鄉銅門村,300686.44 2650421.33,301516.19 2650215.75,2,0,1,"0,1,2",1,,現存,3132019RV2420H019,仁壽橋,1,0,1,1,,,木瓜溪,0,0,1,1,1,1,0,0,1,0,1,0,2,1,40,9,425.92,"1,6",仁壽橋,木瓜溪,23.955757011027224,121.5061660829674,130.49,425.92,Taiwan,Water Resources Agency (Taiwan),130.49
2420H020,2420,,,,,,,2420H020,,,,,,,,0,,17100.00,"TA-MA,KUANG-FU,HUALIEN",KUANG-FU,MA-AN CHI,,,,,0,,,,花蓮縣光復鄉大馬村,290202.40 2620942.80,291031.79 2620736.69,,,,"0,1,2",2,,已廢,3132019RV2420H020,光復,,,,,,,馬鞍溪,5,,,,,0,,,,0,,5,,0,40,9,136.36,10,光復,馬鞍溪,23.689879039598548,121.4023336105537,171.0,136.36,Taiwan,Water Resources Agency (Taiwan),171.0
2420H024,2420,,,11.0,8.7,,10015060,2420H024,1,1,0,0,花蓮大橋,2,1,0,0,1467.00,"Yanliau Vil., Shoufeng Township, Hualien County",HUA-LIEN BRIDGE,Hualian River,1,1,1969-07-01T00:00:00,1,0,0,1,1,花蓮縣壽豐鄉鹽寮村,310076.57 2646883.11,310906.44 2646677.53,2,0,0,"0,1,2,4",1,,現存,3132019RV2420H024,花蓮大橋,1,0,1,1,,,花蓮溪,3,0,1,1,1,1,0,0,1,0,1,0,2,0,40,9,1506.00,"1,6",花蓮大橋,花蓮溪,23.923478021712913,121.59827792946825,14.67,1506.0,Taiwan,Water Resources Agency (Taiwan),14.67
2420H036,2420,242020,,,,,10015070,2420H036,1,2,0,0,馬鞍溪橋,2,1,0,0,17512.00,"Datong Vil., Guangfu Township, Hualien County",MA-AN-CHI BRIDGE,Matai'an River,1,1,1980-01-01T00:00:00,1,1,0,1,1,花蓮縣光復鄉大同村,290888.19 2620640.91,291716.92 2620435.19,2,0,1,"0,1,2",1,,現存,3132019RV2420H036,馬鞍溪橋,1,0,1,1,,,馬太鞍溪,3,0,1,1,1,1,0,0,1,0,1,0,2,0,40,9,136.46,"1,6",馬鞍溪橋,馬太鞍溪,23.68713898099072,121.40904298106149,175.12,136.46,Taiwan,Water Resources Agency (Taiwan),175.12
2420H037,2420,242030,,138.4,137.4,,10015020,2420H037,1,2,0,0,萬里溪橋,2,1,0,0,14646.00,"Changqiao Vil., Fenglin Township, Hualien County",WAN-LI-CHI BRIDGE,Wanli River,1,1,1980-01-01T00:00:00,1,1,0,1,1,花蓮縣鳳林鎮長橋里,292696.17 2624299.07,293525.63 2624093.03,2,0,0,"0,1,2",1,,現存,3132019RV2420H037,萬里溪橋,1,0,1,1,,,萬里溪,1,0,1,1,1,1,0,0,1,0,1,0,2,1,40,9,242.18,"1,6",萬里溪橋,萬里溪,23.720120224880127,121.42688480370933,146.46,242.18,Taiwan,Water Resources Agency (Taiwan),146.46
2420H043,2420,,,86.0,84.8,,10015020,2420H043,1,2,0,0,箭瑛大橋,2,1,0,0,9336.00,"Fenglin Township, Hualien County",JIAN YING BRIDGE,Hualian River,1,1,2001-01-01T00:00:00,1,0,0,1,1,花蓮縣鳳林鎮,299043.16 2625650.87,299883.36 2625441.64,2,0,1,"0,1,2",1,,現存,3132019RV2420H043,箭瑛大橋,1,0,1,1,,,花蓮溪,2,0,1,1,1,1,0,0,1,0,1,0,2,0,40,9,550.09,"1,6",箭瑛大橋,花蓮溪,23.732112963739077,121.4892830823522,93.36,550.09,Taiwan,Water Resources Agency (Taiwan),93.36
2500H003,2500,,,35.8,34.5,,10015110,2500H003,0,3,1,0,濁水溪大橋,0,1,0,0,2800.00,"Heping Vil., Xiulin Township, Hualien County",CHI-NENG-PU,Heping River,1,1,1975-01-01T00:00:00,1,1,0,1,1,花蓮縣秀林鄉和平村,324612.99 2691372.00,325443.38 2691167.21,2,0,1,"0,1,2",1,,現存,3132011RV2500H003,希能埔,0,0,1,1,,,和平溪,4,0,2,1,0,1,0,0,1,0,1,4,2,0,40,1,553.01,"1,6",希能埔,和平溪,24.324538579899134,121.74338179005983,28.0,553.01,Taiwan,Water Resources Agency (Taiwan),28.0
2510H004,2510,251020,,,,,10002120,2510H004,0,2,1,0,澳尾橋,0,1,0,0,2600.00,"Xinxi Rd., Nan’Ao Township, Yilan County",AO-WEI-CHIAO,Nanaonan River,1,1,1973-12-27T00:00:00,1,0,0,1,1,宜蘭縣南澳鄉新溪路,328236.00 2705208.00,329066.53 2705003.44,2,0,1,"0,1,2",1,0,已廢,3132011RV2510H004,澳尾橋,0,0,7,3,,0,南澳南溪,4,0,2,1,0,1,0,0,1,0,1,4,2,0,10,1,139.35,"0,1",澳尾橋,南澳南溪,24.449276924062644,121.77984617142366,26.0,139.35,Taiwan,Water Resources Agency (Taiwan),26.0
2510H005,2510,,,,,,,2510H005,,,,,,,,0,,1700.00,"WU-TA,NAN-AO,I-LAN",NAN-AO-CHIAO,NAN-AO-PEI CHI,,,,,0,,,,宜蘭縣南澳鄉武塔村,329114.00 2706428.90,329944.55 2706224.37,,,,"0,1,2",1,,已廢,3132011RV2510H005,南澳橋(合),,,,,,,南澳北溪,5,,,,,0,,,,0,,5,,0,10,1,169.72,10,南澳橋(合),南澳北溪,24.46025479381245,121.7885741988096,17.0,169.72,Taiwan,Water Resources Agency (Taiwan),17.0
2510H006,2510,251010,,,,,10002120,2510H006,0,3,1,0,南澳橋,0,1,0,0,1700.00,"Wuta Vil., Nan’Ao Township, Yilan County",NAN-AO-CHIAO,Nanaobei River,1,1,1975-01-29T00:00:00,1,0,0,1,1,宜蘭縣南澳鄉武塔村,329114.00 2706429.00,329944.55 2706224.47,2,0,1,"0,1,2",1,0,已廢,3132011RV2510H006,南澳橋,0,0,7,3,,0,南澳北溪,4,0,2,1,0,1,0,0,1,0,1,4,2,0,10,1,169.72,"0,1",南澳橋,南澳北溪,24.460255696629787,121.78857420443089,17.0,169.72,Taiwan,Water Resources Agency (Taiwan),17.0
2510H007,2510,251010,,,,,10002120,2510H007,0,3,0,0,南澳圳,4,1,1,0,1700.00,"Bihou Vil., Nan’Ao Township, Yilan County",NAN AO ZUN,Nanaobei River,0,1,1976-01-01T00:00:00,1,0,0,1,1,宜蘭縣南澳鄉碧侯村,329114.00 2706429.00,329944.55 2706224.47,2,0,1,"0,1,2",1,0,已廢,3132011RV2510H007,南澳圳,1,0,10,10,,0,南澳北溪,1,0,2,0,0,0,0,0,1,0,0,4,2,0,10,1,169.72,10,南澳圳,南澳北溪,24.460255696629787,121.78857420443089,17.0,169.72,Taiwan,Water Resources Agency (Taiwan),17.0
2510H008,2510,,,,,,,2510H008,,,,,,,,0,,1700.00,"BE-HO, NAN-AO,I-LAN",NAN-AO CHANNEL,NAN-AO-PEI CHI,,,,,0,,,,宜蘭縣南澳鄉碧侯村,329114.00 2706428.90,329944.55 2706224.37,,,,"0,1,2",1,,已廢,3132011RV2510H008,南澳圳,,,,,,,南澳北溪,5,,,,,0,,,,0,,5,,0,10,1,169.72,10,南澳圳,南澳北溪,24.46025479381245,121.7885741988096,17.0,169.72,Taiwan,Water Resources Agency (Taiwan),17.0
2560H001,2560,,,,,,10002110,2560H001,0,2,1,0,牛鬥橋,0,1,1,0,21600.00,"Niudou, Datong Township, Yilan County",NIU-TOU,Lanyang River　,1,1,1979-01-01T00:00:00,1,0,0,1,1,宜蘭縣大同鄉牛鬥,306388.40 2726321.00,307218.72 2726116.63,2,0,0,"0,1,2,3",1,1,已廢,3132011RV2560H001,牛鬥(1),0,0,7,3,,1,蘭陽溪,4,0,2,1,0,1,0,0,1,0,1,4,2,1,10,1,446.74,"0,1",牛鬥(1),蘭陽溪,24.640854881209055,121.56522079624568,216.0,446.74,Taiwan,Water Resources Agency (Taiwan),216.0
2560H006,2560,,,7.7,6.7,5.6,10002090,2560H006,0,2,1,0,蘭陽大橋,0,1,0,0,1123.7,"Fuxing Vil., Luodong Township, Yilan County",LAN-YANG BRIDGE,Lanyang River,1,1,1984-06-20T00:00:00,1,1,0,1,1,宜蘭縣羅東鎮復興村,327262.19 2734754.00,328092.90 2734549.90,2,0,1,"0,1,2,4",1,,現存,3132011RV2560H006,蘭陽大橋,0,0,1,1,,,蘭陽溪,4,0,2,1,0,1,0,0,1,0,1,4,2,0,10,1,820.69,1,蘭陽大橋,蘭陽溪,24.7160734892927,121.77187699599217,1123.7,820.69,Taiwan,Water Resources Agency (Taiwan),1123.7
2560H017,2560,,,372.8,372.0,,10002110,2560H017,0,3,0,0,家源橋,0,1,0,0,36600.00,"Datong Township, Yilan County",CHIA-YUANG BRIDGE,Lanyang River,1,1,1973-01-27T00:00:00,1,0,0,1,1,宜蘭縣大同鄉土場村,298984.68 2719362.00,299814.86 2719157.47,2,0,1,"0,1,2",1,,現存,3132011RV2560H017,家源橋,0,0,1,1,,,蘭陽溪,4,0,2,1,0,1,0,0,1,0,1,4,2,0,10,1,273.5,6,家源橋,蘭陽溪,24.578281126285155,121.49184015066466,366.0,273.5,Taiwan,Water Resources Agency (Taiwan),366.0
2560H019,2560,256020,,8.9,8.2,6.8,10002010,2560H019,0,1,0,0,西門橋,0,1,0,0,1503.00,"Wenchang Rd., Yilan City, Yilan County",Ximen Bridge,Yilan River,1,1,1983-12-29T00:00:00,1,0,0,1,1,宜蘭縣宜蘭市文昌路,324454.79 2739377.00,325285.49 2739172.95,2,0,1,"0,1,2",1,,現存,3132011RV2560H019,西門橋,0,0,1,1,"原中山橋,20081118更名",,宜蘭河,1,0,2,1,0,0,0,0,1,0,1,4,2,0,10,1,101.35,"1,6",西門橋,宜蘭河,24.757950293726495,121.74437860397768,15.03,101.35,Taiwan,Water Resources Agency (Taiwan),15.03
2560H022,2560,256030,,198.6,197.5,,10002110,2560H022,0,2,0,0,清水大橋,0,1,0,0,20496.6,"Fuxing Vil., Datong Township, Yilan County",CHING-SHUI BRIDGE,Qingshui River,1,1,2009-01-01T00:00:00,1,0,0,1,1,宜蘭縣大同鄉復興村,311269.59 2725928.34,312100.00 2725724.00,2,0,1,"0,1,2",,,現存,3132011RV2560H022,清水大橋,0,0,1,1,,,清水溪,4,0,2,1,0,1,0,0,1,0,1,4,2,0,10,1,149.06,"1,6",清水大橋,清水溪,24.637121104202336,121.61341990139454,20496.6,149.06,Taiwan,Water Resources Agency (Taiwan),20496.6
2560H023,2500,,,17.2,16.2,,10002020,2560H023,1,1,0,1,北成橋,0,1,0,0,2174.00,"Luodong Township, Yilan County",BEI-CHENG BRIDGE,Heping River,1,1,2010-11-10T00:00:00,1,1,0,1,1,宜蘭縣羅東鎮北成橋,324721.85 2731133.98,325552.50 2730929.80,2,0,0,"0,1,2",,,現存,3132011RV2560H023,北成橋,0,0,1,1,,,和平溪,1,0,2,1,1,1,0,0,1,0,1,0,2,0,10,1,0.00,"1,6",北成橋,和平溪,24.68351841010409,121.74657434416326,21.74,0.0,Taiwan,Water Resources Agency (Taiwan),21.74
2560H024,2560,,,208.1,206.8,,10002110,2560H024,2,2,0,0,牛鬥橋,0,1,0,0,21698.00,"NiuDou Bridge, NiuDou Vil., Datong Township, Yilan County 267, Taiwan (R.O.C.)",NIU-DOU (3),Lanyang River,1,1,2010-12-01T00:00:00,1,0,0,1,2,宜蘭縣大同鄉牛鬥村牛鬥橋,306598.06 2726490.67,307428.40 2726286.30,2,0,1,"0,1,2",,,現存,3132011RV2560H024,牛鬥(3),0,0,1,1,,,蘭陽溪,3,3,0,1,2,1,0,1,0,0,1,0,2,0,10,1,,"1,6",牛鬥(3),蘭陽溪,24.642378924178026,121.56729890705307,216.98,,Taiwan,Water Resources Agency (Taiwan),216.98
